trial_id,phase,label,outcome,target_size,spawn_ts,end_ts,time_to_end_ms,approach_time_ms,tail_time_ms,dwell_in_target_ms,miss_clicks,center_x,center_y,end_x,end_y,end_dx,end_dy,end_radial_error,overshoot_px,max_speed_px_s,median_speed_px_s,stop_time_ms,pause_count,accel_p50,jerk_p50,jerk_p90,heading_total_change,curv_p50,curv_p90,pre_click_ms,click_hold_ms,points_in_trial
1,1,P1_TARGET,HIT,46,25740.831905,25741.812017,980.112,845.71,134.403,135.742,0,1653.0,357.0,1649.0,358.0,-4.0,1.0,4.123,33.52,7129.785,370.38,448.231,0,17207.768,4332791.07,33540299.781,7.79879,0.001025233,0.113755999,134.161,0.0,94
2,1,P1_TARGET,HIT,46,25742.537948,25743.285989,748.041,663.65,84.391,84.356,0,1658.0,628.0,1666.0,629.0,8.0,1.0,8.062,38.812,7955.686,447.978,311.12,0,30656.253,4311740.155,30637160.005,10.790016,0.000670285,0.125097008,84.176,0.0,75
3,1,P1_TARGET,HIT,46,25744.008008,25744.660267,652.258,571.657,80.602,88.167,0,373.0,487.0,379.0,482.0,6.0,-5.0,7.81,30.203,5716.417,631.29,254.319,1,18735.015,4271049.815,50762372.844,7.454606,0.0,0.039249115,80.373,0.0,64
4,1,P1_TARGET,HIT,46,25745.418197,25746.090148,671.951,281.544,390.406,106.074,0,1072.0,519.0,1070.0,516.0,-2.0,-3.0,3.606,30.0,3254.72,222.103,317.995,0,13666.724,2600100.756,20978029.656,5.412822,0.0,0.044042019,390.169,0.0,58
5,1,P1_TARGET,HIT,46,25746.408007,25747.100246,692.239,623.833,68.406,69.917,0,180.0,518.0,198.0,508.0,18.0,-10.0,20.591,14.75,7900.248,904.148,290.936,0,21929.507,5754726.552,42079836.362,5.526888,0.0,0.019201338,68.178,0.0,67
6,1,P1_TARGET,HIT,46,25747.770044,25748.604179,834.135,418.333,415.802,121.461,1,449.0,258.0,429.0,253.0,-20.0,-5.0,20.616,16.721,8584.752,373.139,473.513,0,31121.703,5742396.661,56053588.89,7.956414,0.0,0.009267338,415.501,0.0,73
7,1,P1_TARGET,HIT,46,25749.1162,25749.732678,616.478,551.845,64.633,64.712,0,548.0,632.0,548.0,628.0,0.0,-4.0,4.0,35.623,3586.468,527.508,207.702,0,32779.11,5631717.913,26080439.177,6.725208,0.000702413,0.054920791,64.395,0.0,59
8,1,P1_TARGET,HIT,46,25750.208203,25751.022598,814.394,406.481,407.914,105.825,1,1424.0,524.0,1433.0,525.0,9.0,1.0,9.055,29.996,6089.831,372.81,345.208,0,28426.079,4866010.57,29776374.595,7.687904,0.0,0.042551738,407.689,0.0,78
9,1,P1_TARGET,HIT,46,25751.472338,25752.22221,749.872,394.38,355.492,63.682,1,810.0,251.0,791.0,252.0,-19.0,1.0,19.026,18.67,3590.435,278.045,248.63,0,18631.027,3847640.516,17774028.23,10.6824,0.0,0.153540622,355.273,0.0,77
10,1,P1_TARGET,HIT,46,25752.704276,25753.374406,670.129,547.757,122.373,115.161,0,1713.0,414.0,1734.0,411.0,21.0,-3.0,21.213,31.622,4786.291,871.091,201.427,1,21606.732,3865244.665,18749299.099,7.087857,0.000281017,0.036387177,122.069,0.0,65
11,1,P1_TARGET,HIT,46,25753.970532,25754.662525,691.993,603.635,88.359,93.493,0,253.0,291.0,251.0,288.0,-2.0,-3.0,3.606,34.109,9758.6,709.309,236.297,0,44126.512,10955685.727,42748017.315,5.472212,0.001257729,0.055049559,88.129,0.0,70
12,1,P1_TARGET,HIT,46,25755.194354,25755.82273,628.376,588.431,39.945,40.199,0,1275.0,728.0,1257.0,712.0,-18.0,-16.0,24.083,12.795,4326.392,391.739,170.481,0,21754.874,4297628.279,19689588.529,9.569999,0.003846866,0.141046387,39.722,0.0,67
13,1,P1_TARGET,HIT,46,25756.440418,25757.600643,1160.225,1010.484,149.741,142.116,0,367.0,328.0,364.0,321.0,-3.0,-7.0,7.616,31.703,6455.537,248.605,374.531,0,15531.349,3850750.537,22257891.629,17.048026,0.0,0.26399886,149.444,0.0,109
14,1,P1_TARGET,HIT,46,25758.35056,25759.066556,715.996,518.424,197.572,196.025,1,941.0,397.0,943.0,396.0,2.0,-1.0,2.236,36.388,1225.15,175.256,280.08,0,15463.372,2577916.444,6624581.614,17.884911,0.004182031,0.578364147,197.343,0.0,70
15,1,P1_TARGET,HIT,46,25759.502644,25760.098812,596.168,498.276,97.893,99.342,0,1458.0,574.0,1443.0,570.0,-15.0,-4.0,15.524,23.115,4649.861,632.625,234.121,0,21806.036,3849533.036,36834432.744,6.720496,0.001370176,0.055173076,97.689,0.0,59
16,1,P1_TARGET,HIT,46,25760.8727,25761.432708,560.007,505.752,54.256,56.034,0,1423.0,557.0,1409.0,567.0,-14.0,10.0,17.205,22.115,5519.509,367.233,280.168,0,23863.961,4298477.588,32394387.773,3.340867,0.000802763,0.05869608,53.948,0.0,52
17,1,P1_TARGET,HIT,46,25761.994697,25762.442781,448.084,364.682,83.401,78.24,0,871.0,557.0,869.0,546.0,-2.0,-11.0,11.18,18.349,1863.261,174.289,241.06,0,15444.94,1927567.356,13611349.373,4.691975,0.0,0.061230923,83.173,0.0,39
18,1,P1_TARGET,HIT,46,25762.768827,25763.439033,670.206,559.948,110.258,111.538,0,1591.0,362.0,1610.0,356.0,19.0,-6.0,19.925,29.745,5247.351,779.491,277.526,0,34601.933,7652737.847,56157963.22,4.310961,0.001083254,0.034038054,110.015,0.0,67
19,1,P1_TARGET,HIT,46,25764.074819,25764.623034,548.215,450.048,98.167,98.026,0,744.0,295.0,729.0,287.0,-15.0,-8.0,17.0,34.878,4340.508,456.012,168.448,0,21886.543,4799952.58,19538951.707,6.17384,0.004279396,0.065880555,97.82,0.0,54
20,1,P1_TARGET,HIT,46,25765.190915,25765.730903,539.988,515.55,24.438,32.173,0,776.0,720.0,782.0,704.0,6.0,-16.0,17.088,18.968,3455.155,667.604,154.356,0,21902.541,4301593.035,13751340.174,6.849473,0.001183957,0.052588163,24.117,0.0,55
21,1,P1_TARGET,HIT,46,25766.190883,25767.098935,908.052,819.918,88.134,83.538,0,1644.0,699.0,1653.0,689.0,9.0,-10.0,13.454,27.109,5940.459,713.383,409.813,1,21814.116,4307756.927,23581277.541,5.758846,0.000425532,0.031706976,87.91,0.0,88
22,1,P1_TARGET,HIT,46,25767.752866,25768.429054,676.188,580.724,95.464,96.082,0,1152.0,209.0,1166.0,216.0,14.0,7.0,15.652,23.399,3365.394,373.292,299.201,0,18124.038,4299609.186,22985767.627,7.006494,0.001937721,0.059132248,95.167,0.0,65
23,1,P1_TARGET,HIT,46,25769.428995,25769.847071,418.076,329.99,88.085,80.987,0,793.0,440.0,784.0,436.0,-9.0,-4.0,9.849,28.853,3187.365,123.726,226.862,0,17751.265,2014121.561,30114717.778,4.523775,0.0,0.012593998,87.747,0.0,34
24,1,P1_TARGET,HIT,46,25770.177083,25770.871107,694.024,631.346,62.678,55.944,1,1367.0,371.0,1377.0,375.0,10.0,4.0,10.77,29.477,4445.04,277.928,242.493,0,21183.772,3848365.587,30830240.112,10.258446,0.001328474,0.242824587,62.373,0.0,66
25,1,P1_TARGET,HIT,46,25771.555137,25772.183593,628.456,507.632,120.823,112.872,0,1326.0,681.0,1335.0,682.0,9.0,1.0,9.055,32.483,5312.576,621.496,157.973,0,34096.343,6075818.805,49289718.94,9.764707,0.004893567,0.145527437,120.589,0.0,65
26,1,P1_TARGET,HIT,46,25772.65116,25773.183184,532.024,515.83,16.194,16.133,0,517.0,464.0,539.0,462.0,22.0,-2.0,22.091,13.965,3253.627,746.25,228.682,0,30878.169,5526949.998,23282922.646,1.762462,0.0,0.005092096,15.857,0.0,52
27,1,P1_TARGET,HIT,46,25774.141243,25775.704019,1562.776,651.924,910.851,223.241,2,556.0,574.0,563.0,574.0,7.0,0.0,7.0,31.21,4971.973,497.581,603.093,3,29896.7,5766699.391,38623300.067,21.159899,0.000923155,0.060692547,910.778,0.0,149
28,1,P1_TARGET,HIT,46,25776.115161,25776.639532,524.371,475.746,48.625,51.545,0,815.0,280.0,827.0,271.0,12.0,-9.0,15.0,24.051,2982.264,277.873,176.994,0,21706.018,4416610.805,24650125.451,11.756371,0.002269642,0.467292073,48.379,0.0,54
29,1,P1_TARGET,HIT,46,25777.203526,25777.919417,715.891,675.99,39.901,42.015,0,284.0,311.0,299.0,321.0,15.0,10.0,18.028,18.646,8784.167,278.163,270.714,0,21893.962,3541099.436,37547947.346,12.251775,0.000349277,0.143891222,39.707,0.0,65
30,1,P1_TARGET,HIT,46,25778.495342,25779.035353,540.011,423.562,116.449,126.27,0,643.0,268.0,620.0,259.0,-23.0,-9.0,24.698,28.0,4624.387,498.017,98.801,0,21949.585,5313940.23,35341344.741,15.225487,0.007199788,0.5011548,116.294,0.0,60
31,2,P2_SWEEP,HIT,46,25782.641615,25783.609524,967.91,800.64,167.27,172.07,0,70.0,504.0,53.0,515.0,-17.0,11.0,20.248,18.521,10449.321,175.6,533.419,0,15438.126,3107908.578,40667152.582,9.206777,0.0,0.215414508,167.048,0.0,87
32,2,P2_SWEEP,HIT,46,25784.415644,25785.16584,750.195,531.629,218.566,224.395,0,1850.0,504.0,1862.0,499.0,12.0,-5.0,13.0,34.087,8564.881,1044.678,381.621,0,18362.697,5000393.678,71939054.233,1.13901,0.0,0.003897377,218.257,0.0,66
33,2,P2_SWEEP,HIT,46,25785.837679,25786.465869,628.19,481.716,146.474,147.76,0,960.0,174.0,955.0,172.0,-5.0,-2.0,5.385,33.73,3031.708,556.18,209.695,0,34532.515,6938298.621,24594253.642,11.004429,0.006515506,0.277680184,146.131,0.0,61
34,2,P2_SWEEP,HIT,46,25787.065633,25787.689725,624.092,467.808,156.284,156.48,0,960.0,835.0,968.0,841.0,8.0,6.0,10.0,25.242,2987.999,372.068,220.837,0,21832.905,4293273.514,20984279.907,5.195927,0.000244253,0.047946548,156.057,0.0,62
35,2,P2_SWEEP,HIT,46,25788.197714,25788.946115,748.401,636.054,112.347,113.862,0,70.0,174.0,51.0,163.0,-19.0,-11.0,21.954,32.228,7465.39,448.558,185.662,0,33587.27,6054102.083,68977887.787,11.250868,0.000675997,0.073845032,112.117,0.0,81
36,2,P2_SWEEP,HIT,46,25789.511826,25790.184044,672.219,497.96,174.259,174.01,0,1850.0,174.0,1852.0,177.0,2.0,3.0,3.606,33.597,9111.579,497.525,220.361,0,30971.793,7926398.199,191973151.333,5.542106,0.00060361,0.059259602,173.948,0.0,69
37,2,P2_SWEEP,HIT,46,25790.823786,25791.767994,944.207,770.377,173.83,170.838,0,70.0,835.0,55.0,824.0,-15.0,-11.0,18.601,22.928,11426.355,770.939,397.154,1,34408.494,5225009.546,46706659.461,6.855926,0.000454148,0.030480598,173.629,0.0,88
38,2,P2_SWEEP,HIT,46,25792.411884,25793.398042,986.158,898.044,88.113,88.629,0,1850.0,835.0,1851.0,835.0,1.0,0.0,1.0,38.115,6804.009,248.756,461.721,0,22146.209,4341111.591,38854598.874,12.591378,0.0,0.101746459,87.78,0.0,91
39,2,P2_SWEEP,HIT,46,25794.036038,25794.71233,676.292,550.084,126.208,123.471,0,70.0,504.0,70.0,498.0,0.0,-6.0,6.0,32.667,9626.589,633.324,322.348,0,34653.62,6933867.241,92504487.12,3.842172,3.5784e-05,0.016501782,125.743,0.0,63
40,2,P2_SWEEP,HIT,46,25795.348029,25795.960492,612.463,580.173,32.29,32.226,0,1850.0,504.0,1846.0,489.0,-4.0,-15.0,15.524,23.309,9576.89,621.906,154.928,0,30959.078,5850608.749,119699784.724,8.128204,0.000793435,0.135629596,32.067,0.0,65
41,2,P2_SWEEP,HIT,46,25796.868193,25797.480308,612.115,505.707,106.409,111.321,0,960.0,174.0,973.0,164.0,13.0,-10.0,16.401,24.166,3477.603,296.504,322.262,0,22562.142,2856915.733,35411432.104,2.48151,0.0,0.020061333,106.185,0.0,52
42,2,P2_SWEEP,HIT,46,25797.962462,25798.596315,633.853,580.242,53.611,57.193,0,960.0,835.0,968.0,816.0,8.0,-19.0,20.616,17.66,3982.042,248.787,137.012,0,15486.197,2742221.168,26502207.718,15.511132,0.0,0.693383045,53.381,0.0,65
43,2,P2_SWEEP,HIT,46,25799.024675,25799.720308,695.632,614.089,81.543,85.694,0,70.0,174.0,72.0,178.0,2.0,4.0,4.472,32.743,6091.349,869.835,129.447,0,31451.664,6008238.053,44451209.176,8.641476,0.002882143,0.073526355,81.318,0.0,72
44,2,P2_SWEEP,HIT,46,25800.340328,25800.99235,652.022,465.984,186.039,182.852,0,1850.0,174.0,1857.0,157.0,7.0,-17.0,18.385,29.0,8362.682,1146.125,218.504,0,46400.512,7893936.909,67720145.767,8.223347,0.001375196,0.042046972,185.731,0.0,67
45,2,P2_SWEEP,HIT,46,25801.750333,25802.616545,866.212,755.985,110.227,116.042,0,70.0,835.0,69.0,839.0,-1.0,4.0,4.123,30.417,7239.838,905.79,293.44,0,34510.842,6090383.773,48273400.101,11.063807,0.000923601,0.078594987,109.902,0.0,87
46,2,P2_SWEEP,HIT,46,25803.244435,25804.05049,806.055,704.053,102.002,98.3,0,1850.0,835.0,1854.0,834.0,4.0,-1.0,4.123,35.702,10051.096,512.77,307.187,0,45305.036,8042133.182,71495725.525,9.274201,0.000565267,0.054949323,101.778,0.0,78
47,2,P2_SWEEP,HIT,46,25804.614667,25805.507591,892.924,433.594,459.33,157.814,0,70.0,504.0,58.0,505.0,-12.0,1.0,12.042,27.01,10078.082,508.498,423.506,0,21684.829,5149190.73,64636273.88,7.352343,0.0,0.022729176,458.89,0.0,79
48,2,P2_SWEEP,HIT,46,25806.346439,25807.006776,660.337,628.303,32.033,32.165,0,1850.0,504.0,1836.0,489.0,-14.0,-15.0,20.518,19.042,8632.413,373.199,239.197,1,22164.302,4303387.976,94785450.724,7.203218,0.00017752,0.106550275,31.811,0.0,67
49,2,P2_SWEEP,HIT,46,25807.682518,25808.254809,572.291,451.949,120.342,77.008,0,960.0,174.0,968.0,150.0,8.0,-24.0,25.298,20.511,3860.987,711.566,204.249,1,34518.184,5230886.26,30380835.964,4.820841,0.002418865,0.037527632,120.119,0.0,58
50,2,P2_SWEEP,HIT,46,25808.872783,25810.040774,1167.992,906.002,261.99,260.996,0,960.0,835.0,969.0,822.0,9.0,-13.0,15.811,18.902,2297.457,175.909,632.123,1,15441.434,3756895.334,22752223.265,12.279791,0.0,0.084790514,261.675,0.0,102
51,2,P2_SWEEP,HIT,46,25810.556677,25811.38292,826.242,732.576,93.666,90.092,0,70.0,174.0,64.0,171.0,-6.0,-3.0,6.708,28.463,10070.298,634.293,293.654,0,21866.902,6071560.608,36919257.193,9.626325,0.000419848,0.053735136,93.352,0.0,85
52,2,P2_SWEEP,HIT,46,25811.995251,25812.976812,981.561,894.145,87.415,92.809,1,1850.0,174.0,1871.0,180.0,21.0,6.0,21.84,17.172,8726.209,93.519,572.273,0,15463.376,4253712.061,45446999.289,14.36217,4.8387e-05,0.485686654,87.251,0.0,84
53,2,P2_SWEEP,HIT,46,25813.899321,25814.704827,805.506,670.095,135.411,142.212,0,70.0,835.0,56.0,827.0,-14.0,-8.0,16.125,23.274,7234.97,792.26,277.221,0,30890.63,5718663.055,39790998.686,13.025619,0.00139385,0.277680184,135.19,0.0,81
54,2,P2_SWEEP,HIT,46,25815.73694,25816.431075,694.135,615.712,78.423,76.181,0,1850.0,835.0,1834.0,824.0,-16.0,-11.0,19.416,18.132,8683.202,262.439,317.032,0,40544.528,9946619.105,69673761.107,13.603129,0.001112849,0.274054511,78.096,0.0,64
55,2,P2_SWEEP,HIT,46,25817.070959,25817.809084,738.125,552.212,185.913,179.509,0,70.0,504.0,65.0,503.0,-5.0,-1.0,5.099,35.5,9593.347,951.204,278.089,1,25409.51,4077811.128,47912506.683,5.423397,0.000766465,0.013108167,185.606,0.0,72
56,2,P2_SWEEP,HIT,46,25818.505126,25819.189268,684.142,535.796,148.346,154.038,0,1850.0,504.0,1837.0,493.0,-13.0,-11.0,17.029,16.156,9304.132,248.25,295.753,0,21789.108,4305637.142,41668108.839,12.958824,0.0,0.518675264,148.143,0.0,65
57,2,P2_SWEEP,HIT,46,25820.113096,25820.869208,756.112,417.846,338.265,79.364,1,960.0,174.0,945.0,168.0,-15.0,-6.0,16.155,23.669,3739.952,248.769,326.237,0,15813.231,4304327.113,26708283.978,11.682175,0.001512666,0.227511999,337.915,0.0,71
58,2,P2_SWEEP,HIT,46,25821.425319,25822.061422,636.104,475.695,160.408,157.423,0,960.0,835.0,968.0,853.0,8.0,18.0,19.698,26.0,3761.978,392.255,318.619,0,15489.931,2710098.421,22642336.776,4.408617,0.0,0.039765628,160.087,0.0,57
59,2,P2_SWEEP,HIT,46,25822.817386,25823.541471,724.085,666.31,57.775,43.819,0,70.0,174.0,75.0,175.0,5.0,1.0,5.099,34.195,7389.006,669.772,194.389,0,34770.774,6940325.816,40868602.413,10.333538,0.001606308,0.060508284,57.413,0.0,77
60,2,P2_SWEEP,HIT,46,25824.57538,25825.377255,801.875,730.568,71.308,71.299,0,1850.0,174.0,1842.0,175.0,-8.0,1.0,8.062,31.762,7502.702,282.481,267.548,0,30610.759,4298290.933,46229608.47,11.824503,0.000857324,0.555360367,71.077,0.0,81
61,2,P2_SWEEP,HIT,46,25826.029355,25826.787626,758.27,661.177,97.093,105.507,0,70.0,835.0,58.0,845.0,-12.0,10.0,15.62,20.063,8328.357,1147.79,221.856,0,47488.616,10235164.591,83845487.208,6.205697,0.001531903,0.023964562,96.868,0.0,75
62,2,P2_SWEEP,HIT,46,25827.463607,25828.165609,702.002,507.657,194.345,187.633,0,1850.0,835.0,1866.0,818.0,16.0,-17.0,23.345,15.22,9083.703,626.887,255.345,1,26585.004,7508375.206,87063073.546,6.49565,0.000557661,0.207349514,194.028,0.0,70
63,2,P2_SWEEP,HIT,46,25828.797878,25831.0717,2273.822,717.595,1556.227,459.518,2,70.0,504.0,76.0,504.0,6.0,0.0,6.0,28.234,9660.464,995.266,707.548,1,45780.464,9626717.519,63111876.584,24.686099,0.000242514,0.028844443,1555.936,0.0,230
64,2,P2_SWEEP,HIT,46,25831.827614,25832.519567,691.953,643.67,48.283,52.66,0,1850.0,504.0,1840.0,519.0,-10.0,15.0,18.028,17.707,7659.202,970.579,148.022,0,34564.607,5892413.435,37421486.787,11.119131,0.00181051,0.073110066,48.06,0.0,72
65,2,P2_SWEEP,HIT,46,25833.139554,25833.825882,686.328,654.502,31.826,32.171,1,960.0,174.0,975.0,158.0,15.0,-16.0,21.932,12.954,4064.924,262.046,243.902,0,21880.216,5744743.097,33469771.667,11.546952,6.878e-05,0.214997789,31.601,0.0,68
66,2,P2_SWEEP,HIT,46,25834.357676,25835.771838,1414.162,668.351,745.812,354.278,1,960.0,835.0,961.0,820.0,1.0,-15.0,15.033,24.527,5862.763,393.186,525.835,2,27477.331,5333770.504,37962849.345,26.252177,0.002389191,0.340791306,745.601,0.0,137
75,3,P3_BLOCK,HIT,22,25835.796625,25838.807893,3011.268,2851.857,159.412,161.202,0,782.0,174.0,777.0,170.0,-5.0,-4.0,6.403,38.408,5356.795,0.0,2116.461,2,0.0,0.0,14606202.01,27.025124,0.0,0.06659679,159.146,0.0,239
70,3,P3_BLOCK,HIT,22,25835.796504,25839.419843,3623.339,3519.565,103.774,106.771,0,426.0,174.0,424.0,173.0,-2.0,-1.0,2.236,31.985,5449.041,0.0,2415.198,2,63.776,481884.728,14563951.058,32.011263,0.0,0.086732313,103.574,0.0,296
78,3,P3_BLOCK,HIT,22,25835.796689,25840.436144,4639.455,4559.546,79.909,84.5,0,70.0,438.0,76.0,429.0,6.0,-9.0,10.817,26.291,5449.041,22.435,2899.975,2,5397.362,1165774.86,15806297.036,40.74087,0.0,0.101746459,79.695,0.0,390
81,3,P3_BLOCK,HIT,22,25835.796754,25841.167933,5371.179,5364.821,6.358,10.004,2,70.0,306.0,68.0,317.0,-2.0,11.0,11.18,27.459,5449.041,63.576,3249.721,3,6671.239,1341371.145,14598587.1,56.882826,0.0,0.159449574,6.128,0.0,452
67,3,P3_BLOCK,HIT,22,25835.796393,25841.90996,6113.567,5744.257,369.31,211.159,1,70.0,570.0,68.0,569.0,-2.0,-1.0,2.236,37.205,5449.041,99.959,3533.56,5,9132.293,1864335.955,15041328.977,73.692896,0.0,0.207349514,369.1,0.0,521
77,3,P3_BLOCK,HIT,22,25835.796667,25842.317967,6521.3,6458.809,62.491,68.092,0,70.0,702.0,76.0,707.0,6.0,5.0,7.81,30.17,5449.041,124.13,3640.995,5,11570.796,1916456.958,15304917.975,82.042939,0.0,0.207349514,62.28,0.0,563
79,3,P3_BLOCK,HIT,22,25835.79671,25842.910066,7113.356,7035.035,78.32,82.135,0,426.0,835.0,437.0,836.0,11.0,1.0,11.045,34.056,5607.401,124.248,3925.458,6,15292.803,1924560.923,16439379.393,86.8197,0.0,0.207349514,78.106,0.0,619
71,3,P3_BLOCK,HIT,22,25835.796528,25843.530076,7733.548,7677.839,55.709,48.299,0,782.0,835.0,789.0,837.0,7.0,2.0,7.28,31.924,5607.401,124.32,4057.302,6,15408.335,2278085.051,16906873.183,98.672988,0.0,0.227511999,55.424,0.0,680
74,3,P3_BLOCK,HIT,22,25835.796601,25845.378443,9581.841,9417.606,164.235,158.592,0,1494.0,835.0,1501.0,829.0,7.0,-6.0,9.22,28.076,5607.401,175.34,4587.631,6,15439.185,2698781.152,15950353.662,139.166839,0.0,0.231823805,163.928,0.0,862
80,3,P3_BLOCK,HIT,22,25835.796734,25845.924319,10127.585,8063.068,2064.516,330.267,2,1138.0,835.0,1145.0,833.0,7.0,-2.0,7.28,32.28,5607.401,175.605,4870.65,6,15439.554,2702123.121,16520968.133,143.575641,0.0,0.227511999,2064.297,0.0,911
68,3,P3_BLOCK,HIT,22,25835.796446,25846.592396,10795.95,10683.094,112.856,126.707,0,1850.0,702.0,1847.0,696.0,-3.0,-6.0,6.708,32.407,9583.714,175.674,5189.866,6,15440.5,2704123.728,17120128.27,155.974046,0.0,0.231823805,112.624,0.0,971
73,3,P3_BLOCK,HIT,22,25835.796578,25847.018163,11221.586,11029.333,192.253,91.108,0,1850.0,570.0,1840.0,559.0,-10.0,-11.0,14.866,23.74,9583.714,175.683,5379.352,6,15439.185,2695412.219,17090200.191,163.761209,0.0,0.229667902,192.026,0.0,1006
76,3,P3_BLOCK,HIT,22,25835.796646,25847.526564,11729.918,11705.278,24.64,24.73,0,1850.0,438.0,1842.0,431.0,-8.0,-7.0,10.63,28.727,9583.714,175.674,5558.97,6,15436.439,2695385.256,16981566.662,172.623813,0.0,0.230099082,24.435,0.0,1055
82,3,P3_BLOCK,HIT,22,25835.796774,25847.918813,12122.039,11979.888,142.151,148.823,0,1850.0,306.0,1844.0,296.0,-6.0,-10.0,11.662,31.328,9583.714,175.722,5677.022,7,15438.984,2704123.728,16941896.111,178.906074,0.0,0.231823805,141.942,0.0,1093
69,3,P3_BLOCK,HIT,22,25835.796475,25849.372826,13576.351,13191.836,384.515,56.734,1,1138.0,174.0,1127.0,170.0,-11.0,-4.0,11.705,30.693,9583.714,175.769,6343.09,9,15442.994,2703666.862,16976622.662,199.060295,0.0,0.227511999,384.453,0.0,1226
72,3,P3_BLOCK,HIT,22,25835.796556,25850.06839,14271.834,12507.789,1764.045,250.933,1,1494.0,174.0,1496.0,172.0,2.0,-2.0,2.828,31.009,9583.714,175.756,6591.045,9,15441.969,2706747.509,17087948.34,205.429908,0.0,0.209365763,1763.816,0.0,1290
92,3,P3_BLOCK,HIT,22,25850.264336,25861.130881,10866.544,10366.718,499.826,201.31,1,782.0,174.0,790.0,164.0,8.0,-10.0,12.806,35.688,2984.323,0.0,1318.681,1,0.0,0.0,9994730.879,16.377006,0.0,0.131826283,499.638,0.0,134
89,3,P3_BLOCK,HIT,22,25850.264273,25861.912821,11648.548,11568.241,80.307,86.588,1,426.0,174.0,422.0,174.0,-4.0,0.0,4.0,37.483,6112.823,0.0,1718.9,2,767.881,709512.795,15620915.187,24.430427,0.0,0.153486901,80.093,0.0,206
98,3,P3_BLOCK,HIT,22,25850.264459,25862.879005,12614.546,12542.53,72.016,79.554,1,70.0,306.0,71.0,311.0,1.0,5.0,5.099,30.285,6552.773,76.11,2107.644,2,8130.721,1839092.472,15755421.761,38.749287,0.0,0.171935967,71.816,0.0,299
97,3,P3_BLOCK,HIT,22,25850.264439,25863.411053,13146.614,12832.761,313.853,88.55,0,70.0,438.0,72.0,443.0,2.0,5.0,5.385,30.517,6552.773,114.103,2262.467,2,10187.142,1919531.719,15481455.194,50.020028,0.0,0.226215858,313.466,0.0,353
95,3,P3_BLOCK,HIT,22,25850.264396,25863.862926,13598.53,13501.066,97.464,90.069,0,70.0,570.0,71.0,576.0,1.0,6.0,6.083,34.641,6552.773,124.036,2400.254,2,14467.811,1948719.872,15307362.37,55.570662,0.0,0.207349514,97.247,0.0,398
86,3,P3_BLOCK,HIT,22,25850.264207,25864.986909,14722.702,14227.176,495.526,118.923,1,70.0,702.0,66.0,695.0,-4.0,-7.0,8.062,33.516,6552.773,124.268,2831.753,2,15367.929,2353008.615,13447320.863,80.590474,0.0,0.295231316,495.329,0.0,507
87,3,P3_BLOCK,HIT,22,25850.26423,25865.555604,15291.375,15193.1,98.275,105.739,0,426.0,835.0,429.0,828.0,3.0,-7.0,7.616,28.189,6552.773,124.28,3078.661,2,15400.386,2674706.778,15712338.683,92.894577,0.0,0.321731301,98.051,0.0,562
90,3,P3_BLOCK,HIT,22,25850.264293,25866.25102,15986.726,15879.131,107.595,107.664,0,782.0,835.0,783.0,839.0,1.0,4.0,4.123,32.277,6552.773,124.293,3344.351,2,15423.939,2698921.536,19210827.167,101.543503,0.0,0.321712047,107.388,0.0,623
84,3,P3_BLOCK,HIT,22,25850.26415,25866.929226,16665.076,16563.252,101.825,98.281,0,1138.0,835.0,1139.0,837.0,1.0,2.0,2.236,33.889,6552.773,124.326,3562.561,3,15431.327,2706574.35,17983529.442,113.1493,0.0,0.321750554,101.546,0.0,685
83,3,P3_BLOCK,HIT,22,25850.264101,25867.533043,17268.942,17188.697,80.245,85.34,0,1494.0,835.0,1495.0,830.0,1.0,-5.0,5.099,32.054,6552.773,124.324,3831.575,4,15435.336,2747823.523,19545767.489,125.856077,0.0,0.321750554,80.036,0.0,740
96,3,P3_BLOCK,HIT,22,25850.264418,25869.571582,19307.164,18838.865,468.299,291.585,1,1850.0,570.0,1852.0,577.0,2.0,7.0,7.28,35.85,6552.773,124.276,4984.278,5,15392.087,2689180.551,19207811.43,151.730064,0.0,0.321712047,467.909,0.0,913
93,3,P3_BLOCK,HIT,22,25850.264356,25870.273177,20008.822,17808.6,2200.222,121.64,2,1850.0,702.0,1848.0,700.0,-2.0,-2.0,2.828,34.185,6552.773,124.268,5417.539,5,15387.965,2548329.773,18004979.634,158.700099,0.0,0.285761992,2199.933,0.0,973
91,3,P3_BLOCK,HIT,22,25850.264316,25870.893318,20629.002,20530.474,98.528,110.415,0,1850.0,438.0,1847.0,435.0,-3.0,-3.0,4.243,35.471,6552.773,124.292,5583.609,5,15399.574,2695970.989,18085579.147,169.463223,0.0,0.279700636,98.307,0.0,1039
94,3,P3_BLOCK,HIT,22,25850.264376,25871.517531,21253.155,20852.855,400.301,130.801,1,1850.0,306.0,1849.0,304.0,-1.0,-2.0,2.236,31.823,6552.773,124.314,5788.082,5,15405.819,2702182.453,17433705.588,179.115669,0.0,0.280710862,400.087,0.0,1098
85,3,P3_BLOCK,HIT,22,25850.264178,25872.113218,21849.041,21687.393,161.648,165.778,0,1494.0,174.0,1501.0,177.0,7.0,3.0,7.616,29.747,6552.773,124.332,6003.372,5,15423.939,2706574.35,18998512.546,188.849044,0.0,0.277680184,161.42,0.0,1155
88,3,P3_BLOCK,HIT,22,25850.264252,25872.833233,22568.981,22546.689,22.292,32.003,0,1138.0,174.0,1130.0,174.0,-8.0,0.0,8.0,25.601,6552.773,124.333,6299.218,5,15423.939,2703156.123,18901760.983,201.685641,0.0,0.294537559,22.065,0.0,1219
108,3,P3_BLOCK,HIT,22,25873.050237,25876.17389,3123.653,2955.148,168.505,173.401,0,782.0,174.0,781.0,177.0,-1.0,3.0,3.162,24.132,621.411,0.0,1098.779,1,0.0,0.0,3818376.927,3.306783,0.0,0.0,168.365,0.0,86
110,3,P3_BLOCK,HIT,22,25873.050281,25876.777664,3727.383,3727.383,0.0,0.0,0,426.0,174.0,438.0,169.0,12.0,-5.0,13.0,24.947,5134.473,0.0,1364.582,1,0.0,0.0,9688617.827,16.337569,0.0,0.129495563,0.0,0.0,142
105,3,P3_BLOCK,HIT,22,25873.050175,25877.495478,4445.303,4405.878,39.425,35.61,0,70.0,306.0,78.0,298.0,8.0,-8.0,11.314,28.498,5134.473,81.575,1518.353,1,9115.311,1906529.943,17339501.824,30.680219,0.0,0.321750554,39.159,0.0,220
103,3,P3_BLOCK,HIT,22,25873.050128,25878.26159,5211.462,4799.514,411.948,184.882,1,70.0,438.0,70.0,439.0,0.0,1.0,1.0,35.497,5134.473,106.641,1839.804,1,11854.703,1919674.232,14562647.333,41.583904,0.0,0.321750554,411.681,0.0,289
99,3,P3_BLOCK,HIT,22,25873.050003,25878.703548,5653.545,5629.434,24.11,24.369,0,70.0,570.0,79.0,576.0,9.0,6.0,10.817,29.183,5134.473,124.101,1925.586,1,14784.624,2207010.327,13932680.915,53.214715,0.0,0.365848516,23.897,0.0,334
111,3,P3_BLOCK,HIT,22,25873.050301,25879.219701,6169.4,6024.95,144.449,144.33,0,70.0,702.0,74.0,709.0,4.0,7.0,8.062,32.808,5134.473,124.171,2154.384,1,15154.329,2462185.763,13525916.775,59.639797,0.0,0.326628806,144.234,0.0,383
107,3,P3_BLOCK,HIT,22,25873.050217,25879.90577,6855.553,6507.269,348.284,100.489,0,426.0,835.0,433.0,833.0,7.0,-2.0,7.28,28.275,5134.473,124.275,2405.736,1,15407.482,2712687.361,13646739.039,70.082218,0.0,0.321750554,348.0,0.0,450
112,3,P3_BLOCK,HIT,22,25873.050321,25880.51832,7467.998,7369.272,98.726,104.259,0,782.0,835.0,788.0,837.0,6.0,2.0,6.325,33.087,5134.473,124.292,2638.698,1,15422.686,2717830.637,18912577.92,83.493042,0.0,0.321750554,98.586,0.0,511
104,3,P3_BLOCK,HIT,22,25873.05015,25881.16978,8119.63,7797.684,321.947,64.109,0,1138.0,835.0,1149.0,840.0,11.0,5.0,12.083,25.686,5134.473,124.343,2821.734,1,15448.387,3056707.938,17410138.16,98.559569,0.0,0.321750554,321.753,0.0,573
106,3,P3_BLOCK,HIT,22,25873.050196,25881.975912,8925.716,8521.709,404.007,54.511,1,1494.0,835.0,1505.0,835.0,11.0,0.0,11.0,26.336,5134.473,124.362,3178.627,1,15446.66,3054622.424,18968535.576,111.618309,0.0,0.321750554,403.715,0.0,648
101,3,P3_BLOCK,HIT,22,25873.050081,25882.63572,9585.639,9497.68,87.959,85.187,0,1850.0,702.0,1851.0,707.0,1.0,5.0,5.099,29.733,5134.473,174.726,3405.595,1,15452.612,3090962.126,19625027.27,124.949855,0.0,0.321750554,87.729,0.0,713
100,3,P3_BLOCK,HIT,22,25873.050054,25883.063761,10013.707,9876.321,137.386,141.678,0,1850.0,570.0,1858.0,566.0,8.0,-4.0,8.944,28.984,5134.473,174.818,3624.658,1,15454.341,3125069.016,19283847.731,132.142345,0.0,0.321750554,137.171,0.0,754
113,3,P3_BLOCK,HIT,22,25873.050341,25883.5303,10479.959,10383.014,96.946,104.27,0,1850.0,438.0,1845.0,439.0,-5.0,1.0,5.099,32.848,5134.473,175.422,3756.064,1,15457.991,3494028.025,18962430.229,144.438835,0.0,0.392699082,96.73,0.0,799
114,3,P3_BLOCK,HIT,22,25873.05036,25883.973741,10923.381,10705.161,218.22,218.087,0,1850.0,306.0,1844.0,296.0,-6.0,-10.0,11.662,31.125,5134.473,175.469,3979.531,1,15457.224,2947713.429,17726771.56,149.795479,0.0,0.384247251,218.006,0.0,839
102,3,P3_BLOCK,HIT,22,25873.050105,25884.55382,11503.715,11325.534,178.18,184.148,0,1494.0,174.0,1503.0,173.0,9.0,-1.0,9.055,28.121,5796.211,175.446,4200.18,1,15457.608,2983328.203,19348127.832,160.6835,0.0,0.383190772,177.963,0.0,890
109,3,P3_BLOCK,HIT,22,25873.050257,25885.501851,12451.594,12289.252,162.341,163.895,0,1138.0,174.0,1135.0,177.0,-3.0,3.0,4.243,34.655,5796.211,175.744,4477.89,2,15455.196,2773369.743,19506356.083,185.635827,0.0,0.463647609,162.123,0.0,976
128,3,P3_BLOCK,HIT,22,25885.739283,25892.328122,6588.839,5774.916,813.923,813.15,0,426.0,174.0,417.0,172.0,-9.0,-2.0,9.22,20.391,445.284,0.0,558.793,0,4900.627,626087.898,5459688.551,28.527228,0.0,1.570796327,813.714,0.0,77
129,3,P3_BLOCK,HIT,22,25885.739303,25893.690258,7950.955,7025.563,925.392,270.598,3,782.0,174.0,775.0,172.0,-7.0,-2.0,7.28,33.892,5351.445,89.688,1205.85,0,9100.523,1696797.865,13471674.458,48.514615,0.0,0.762394384,925.178,0.0,202
120,3,P3_BLOCK,HIT,22,25885.73911,25894.226311,8487.2,8406.835,80.366,83.531,0,1138.0,174.0,1141.0,175.0,3.0,1.0,3.162,36.879,5581.32,124.026,1428.43,0,14395.772,1924105.783,19503702.44,51.894644,0.0,0.555360367,80.097,0.0,254
118,3,P3_BLOCK,HIT,22,25885.739065,25894.76621,9027.146,8979.626,47.52,44.806,0,1494.0,174.0,1490.0,172.0,-4.0,-2.0,4.472,30.756,5581.32,124.244,1610.968,0,15367.819,2685220.259,25140649.605,55.438887,0.0,0.482538219,47.246,0.0,305
124,3,P3_BLOCK,HIT,22,25885.739201,25895.37019,9630.989,9515.969,115.02,131.883,0,1850.0,306.0,1851.0,307.0,1.0,1.0,1.414,35.26,5581.32,124.313,1805.123,0,15452.227,2721279.037,28369162.966,60.258559,0.0,0.302902843,114.81,0.0,363
117,3,P3_BLOCK,HIT,22,25885.739041,25895.748407,10009.366,9929.408,79.959,81.049,0,1850.0,438.0,1858.0,437.0,8.0,-1.0,8.062,28.338,5581.32,124.349,1907.305,0,15462.469,3098224.596,28554678.35,65.142289,0.0,0.312326699,79.732,0.0,402
121,3,P3_BLOCK,HIT,22,25885.739138,25896.824397,11085.258,10469.563,615.696,417.807,2,1850.0,570.0,1847.0,575.0,-3.0,5.0,5.831,31.812,5581.32,124.313,2404.259,0,15449.074,2871797.652,22360411.72,86.372804,0.0,0.390260541,615.48,0.0,503
126,3,P3_BLOCK,HIT,22,25885.739242,25897.296319,11557.077,11446.758,110.319,111.21,0,1850.0,702.0,1841.0,710.0,-9.0,8.0,12.042,30.265,5581.32,124.395,2507.958,1,15453.715,3365567.817,19587268.53,95.145306,0.0,0.327848368,110.107,0.0,551
122,3,P3_BLOCK,HIT,22,25885.73916,25897.896619,12157.459,12027.047,130.412,121.844,0,1494.0,835.0,1501.0,839.0,7.0,4.0,8.062,31.787,5581.32,171.483,2735.961,1,15453.644,3219854.823,20640519.594,101.92527,0.0,0.321750554,130.189,0.0,606
130,3,P3_BLOCK,HIT,22,25885.739323,25898.646597,12907.274,12567.658,339.616,137.934,1,1138.0,835.0,1132.0,833.0,-6.0,-2.0,6.325,31.039,5581.32,175.792,3017.68,1,15454.53,3324242.193,20241158.279,109.480683,0.0,0.22837436,339.388,0.0,679
119,3,P3_BLOCK,HIT,22,25885.739087,25899.624414,13885.327,13369.397,515.93,93.348,2,782.0,835.0,793.0,826.0,11.0,-9.0,14.213,24.736,5581.32,247.363,3349.28,1,15463.963,3623105.824,21616590.461,120.514832,0.0,0.207349514,515.661,0.0,774
116,3,P3_BLOCK,HIT,22,25885.739013,25900.701655,14962.642,14636.074,326.568,69.912,2,426.0,835.0,415.0,827.0,-11.0,-8.0,13.601,34.361,5581.32,246.398,3732.323,2,15464.528,3400655.855,20735498.057,138.117928,0.0,0.207349514,326.057,0.0,875
115,3,P3_BLOCK,HIT,22,25885.738968,25901.684582,15945.614,15621.551,324.064,156.463,1,70.0,702.0,71.0,697.0,1.0,-5.0,5.099,32.692,5581.32,246.036,4158.688,2,15460.298,3115467.454,20563671.734,154.518694,0.0,0.207349514,323.811,0.0,969
127,3,P3_BLOCK,HIT,22,25885.739262,25902.634541,16895.279,16862.986,32.293,28.248,1,70.0,438.0,67.0,429.0,-3.0,-9.0,9.487,30.073,5581.32,247.236,4487.426,2,15462.841,3312724.368,20148669.332,173.676878,0.0,0.207349514,32.016,0.0,1062
123,3,P3_BLOCK,HIT,22,25885.739181,25903.262658,17523.477,17176.948,346.529,128.176,1,70.0,306.0,76.0,302.0,6.0,-4.0,7.211,27.023,5581.32,245.787,4823.133,2,15461.746,3045579.083,19264614.918,186.20801,0.0,0.227511999,346.316,0.0,1116
125,3,P3_BLOCK,HIT,22,25885.739221,25904.136748,18397.527,16145.123,2252.404,181.168,2,70.0,570.0,75.0,567.0,5.0,-3.0,5.831,33.564,5581.32,205.451,5309.74,2,15453.715,2733369.403,19220514.94,193.232329,0.0,0.207349514,2252.133,0.0,1191
145,3,P3_BLOCK,HIT,22,25904.392917,25907.50481,3111.892,2903.64,208.252,203.09,0,1138.0,174.0,1142.0,178.0,4.0,4.0,5.657,4.121,494.468,0.0,126.277,0,3.455,541736.584,4629123.332,5.497787,0.0,0.903207888,208.063,0.0,18
141,3,P3_BLOCK,HIT,22,25904.392834,25909.114845,4722.011,3603.587,1118.424,187.785,3,1494.0,174.0,1493.0,169.0,-1.0,-5.0,5.099,34.641,4457.708,124.296,841.39,0,15419.62,2671470.5,15691150.71,37.145768,0.0,0.555360367,1118.229,0.0,167
146,3,P3_BLOCK,HIT,22,25904.392937,25909.68485,5291.913,5070.224,221.688,224.585,0,1850.0,306.0,1855.0,301.0,5.0,-5.0,7.071,36.665,4457.708,124.326,1058.325,0,15414.086,2680404.709,17755492.178,44.800816,0.0,0.555360367,221.476,0.0,218
133,3,P3_BLOCK,HIT,22,25904.392628,25910.280885,5888.257,5714.452,173.805,175.58,1,1850.0,438.0,1857.0,442.0,7.0,4.0,8.062,32.0,4457.708,150.031,1312.862,0,15437.062,2715020.22,15811154.418,58.361776,0.0,0.555360367,173.593,0.0,274
131,3,P3_BLOCK,HIT,22,25904.392557,25910.788863,6396.306,6354.149,42.157,40.212,0,1850.0,570.0,1841.0,574.0,-9.0,4.0,9.849,25.399,4457.708,175.016,1495.807,0,15450.501,2717828.821,15435955.341,69.642611,0.0,0.555360367,41.867,0.0,326
132,3,P3_BLOCK,HIT,22,25904.392601,25911.589298,7196.697,7020.032,176.665,184.115,1,1850.0,702.0,1848.0,699.0,-2.0,-3.0,3.606,35.394,4457.708,124.324,1921.819,1,15431.701,2694520.679,15365040.741,87.564871,0.0,0.555360367,176.452,0.0,398
139,3,P3_BLOCK,HIT,22,25904.392793,25912.318862,7926.068,7807.914,118.155,121.143,0,1494.0,835.0,1493.0,837.0,-1.0,2.0,2.236,36.897,4717.822,175.389,2045.031,1,15451.459,2718371.635,16271046.839,105.076813,0.0,0.555360367,118.01,0.0,475
136,3,P3_BLOCK,HIT,22,25904.392698,25912.986979,8594.281,8458.823,135.458,130.211,0,1138.0,835.0,1138.0,834.0,0.0,-1.0,1.0,38.217,4717.822,175.704,2189.399,1,15457.224,3302725.168,16806844.217,113.370005,0.0,0.555360367,135.181,0.0,542
142,3,P3_BLOCK,HIT,22,25904.392855,25913.624973,9232.117,9110.299,121.819,122.304,1,782.0,835.0,773.0,835.0,-9.0,0.0,9.0,34.785,5224.841,175.762,2453.598,2,15458.376,3446986.585,17882989.882,122.019584,0.0,0.555360367,121.738,0.0,601
140,3,P3_BLOCK,HIT,22,25904.392813,25914.260979,9868.166,9811.889,56.277,49.65,0,426.0,835.0,430.0,827.0,4.0,-8.0,8.944,27.947,5644.581,175.677,2669.601,2,15462.798,3446986.585,19790894.985,133.437,0.0,0.555360367,56.017,0.0,665
134,3,P3_BLOCK,HIT,22,25904.392652,25914.845211,10452.559,10326.919,125.64,123.642,0,70.0,702.0,59.0,697.0,-11.0,-5.0,12.083,35.843,5644.581,175.779,2853.634,2,15471.741,3801294.068,21321184.338,143.848091,0.0,0.555360367,125.41,0.0,726
143,3,P3_BLOCK,HIT,22,25904.392876,25915.369367,10976.491,10919.899,56.592,60.563,0,70.0,570.0,64.0,563.0,-6.0,-7.0,9.22,25.666,5644.581,175.751,3065.287,2,15471.741,3815769.485,20734959.09,155.169369,0.0,0.555360367,56.369,0.0,778
135,3,P3_BLOCK,HIT,22,25904.392676,25917.237304,12844.628,12797.1,47.528,47.317,0,70.0,306.0,79.0,307.0,9.0,1.0,9.055,30.56,5644.581,175.675,3834.309,2,15466.836,3805920.121,19279236.919,197.336605,0.0,0.555360367,47.306,0.0,954
137,3,P3_BLOCK,HIT,22,25904.39275,25917.721426,13328.676,11210.111,2118.565,56.779,1,70.0,438.0,59.0,439.0,-11.0,1.0,11.045,25.056,5644.581,175.674,3923.809,2,15467.221,3789600.216,19099035.001,204.906793,0.0,0.555360367,2118.349,0.0,1001
138,3,P3_BLOCK,HIT,22,25904.392773,25918.36522,13972.447,13868.217,104.23,99.882,0,426.0,174.0,426.0,165.0,0.0,-9.0,9.0,37.021,5644.581,175.798,4079.207,3,15469.818,3801294.068,19412351.047,218.474215,0.0,0.555360367,104.034,0.0,1068
144,3,P3_BLOCK,HIT,22,25904.392897,25919.123285,14730.388,14344.134,386.254,194.041,1,782.0,174.0,787.0,178.0,5.0,4.0,6.403,29.205,6072.247,175.872,4388.39,3,15473.751,3822879.651,19380547.964,232.447798,0.0,0.555360367,386.052,0.0,1144
161,3,P3_BLOCK,HIT,22,25919.402733,25921.335538,1932.805,1766.847,165.958,154.148,0,1138.0,174.0,1142.0,169.0,4.0,-5.0,6.403,1.213,175.413,0.0,138.032,0,0.0,0.0,2597652.964,1.570796,0.0,0.444288294,165.678,0.0,13
153,3,P3_BLOCK,HIT,22,25919.402573,25921.875575,2473.002,2287.372,185.63,177.697,0,1494.0,174.0,1489.0,171.0,-5.0,-3.0,5.831,31.493,4456.745,118.41,387.792,0,15401.465,2715436.924,35452465.426,10.259233,0.0,0.473066538,185.363,0.0,63
156,3,P3_BLOCK,HIT,22,25919.402633,25922.416003,3013.369,2810.444,202.925,204.045,0,1850.0,306.0,1845.0,305.0,-5.0,-1.0,5.099,26.302,4456.745,124.259,655.096,0,15457.036,2970331.496,44197615.262,17.749811,0.000177665,0.132898911,202.706,0.0,114
155,3,P3_BLOCK,HIT,22,25919.402613,25923.019294,3616.681,3550.517,66.164,66.095,0,1850.0,438.0,1850.0,440.0,0.0,2.0,2.0,37.85,4456.745,159.718,867.5,0,15429.294,2748006.672,30772818.062,28.782028,0.000234545,0.463647609,65.967,0.0,171
157,3,P3_BLOCK,HIT,22,25919.402653,25923.5094,4106.747,4082.703,24.044,24.132,0,1850.0,570.0,1860.0,571.0,10.0,1.0,10.05,29.699,4456.745,175.82,997.852,0,15454.727,3128959.0,24606873.861,40.869431,0.000689599,0.406377621,23.843,0.0,222
154,3,P3_BLOCK,HIT,22,25919.402593,25924.163481,4760.887,4670.182,90.706,93.961,1,1850.0,702.0,1854.0,701.0,4.0,-1.0,4.123,33.995,4456.745,159.796,1212.984,0,15434.653,2726372.181,19470716.993,50.718409,0.0,0.463647609,90.405,0.0,280
149,3,P3_BLOCK,HIT,22,25919.402483,25924.791441,5388.958,5300.706,88.252,85.674,0,1494.0,835.0,1497.0,839.0,3.0,4.0,5.0,34.623,5111.372,175.65,1352.788,0,15456.93,3128959.0,19559348.623,66.180421,0.000525003,0.495131959,87.966,0.0,346
152,3,P3_BLOCK,HIT,22,25919.402551,25925.975535,6572.984,6496.535,76.449,83.502,0,782.0,835.0,783.0,833.0,1.0,-2.0,2.236,35.1,5111.372,247.401,1726.357,0,15462.703,3582789.473,24349106.61,77.410065,0.0,0.398677641,76.232,0.0,464
158,3,P3_BLOCK,HIT,22,25919.402672,25926.6577,7255.028,6052.737,1202.291,214.329,1,1138.0,835.0,1142.0,834.0,4.0,-1.0,4.123,35.222,5221.594,247.411,2073.99,1,15471.38,3479807.679,24854863.687,84.194232,0.0,0.321750554,1202.066,0.0,525
160,3,P3_BLOCK,HIT,22,25919.402713,25927.413617,8010.904,7867.495,143.409,148.314,0,782.0,174.0,782.0,171.0,0.0,-3.0,3.0,37.949,8595.001,273.713,2292.005,1,15583.035,3824499.051,27438272.11,95.838868,0.000300971,0.232100121,143.113,0.0,603
147,3,P3_BLOCK,HIT,22,25919.402413,25927.953811,8551.398,8455.817,95.581,88.334,0,426.0,174.0,427.0,165.0,1.0,-9.0,9.055,30.769,8595.001,277.514,2430.07,1,15802.995,3840858.042,24990252.379,102.56545,0.000381543,0.231823805,95.296,0.0,656
150,3,P3_BLOCK,HIT,22,25919.402506,25928.615711,9213.206,9075.714,137.491,143.518,0,70.0,306.0,60.0,306.0,-10.0,0.0,10.0,31.134,8595.001,277.847,2615.312,1,18881.324,3843443.078,25953599.38,112.835087,0.000578322,0.231823805,137.268,0.0,726
151,3,P3_BLOCK,HIT,22,25919.402528,25929.113606,9711.078,9607.287,103.791,103.607,0,70.0,438.0,69.0,442.0,-1.0,4.0,4.123,36.855,8595.001,277.847,2749.851,1,18084.121,3843969.762,24893840.304,124.99502,0.000719755,0.231996502,103.579,0.0,776
162,3,P3_BLOCK,HIT,22,25919.402753,25929.557974,10155.221,10123.145,32.075,32.778,0,70.0,570.0,78.0,568.0,8.0,-2.0,8.246,30.651,8595.001,277.847,2863.222,1,18779.929,3847125.017,24669008.413,131.706132,0.000627473,0.231823805,31.85,0.0,824
159,3,P3_BLOCK,HIT,22,25919.402693,25930.062011,10659.318,10607.534,51.784,54.267,0,70.0,702.0,76.0,691.0,6.0,-11.0,12.53,26.789,8595.001,276.995,2981.861,1,19700.454,3850391.988,23738976.309,148.338291,0.000756872,0.321750554,51.565,0.0,879
148,3,P3_BLOCK,HIT,22,25919.402457,25930.637747,11235.291,11101.525,133.766,138.153,0,426.0,835.0,432.0,838.0,6.0,3.0,6.708,36.056,8595.001,277.705,3124.3,1,20435.329,3981885.337,24332520.268,157.335493,0.00107935,0.28840433,133.561,0.0,940
175,3,P3_BLOCK,HIT,22,25930.933128,25938.516164,7583.036,7332.677,250.359,256.685,1,782.0,174.0,776.0,172.0,-6.0,-2.0,6.325,34.822,552.559,0.0,454.023,1,3708.845,438295.15,5751157.406,7.42829,0.0,0.27869041,250.146,0.0,60
168,3,P3_BLOCK,HIT,22,25930.93298,25939.660148,8727.168,8647.676,79.492,78.508,0,70.0,306.0,67.0,315.0,-3.0,9.0,9.487,30.269,4012.084,167.559,852.155,1,15422.136,3732807.026,24839457.996,22.538783,0.0,0.231392624,79.271,0.0,172
163,3,P3_BLOCK,HIT,22,25930.93284,25940.2962,9363.36,8043.605,1319.755,145.391,1,426.0,174.0,430.0,171.0,4.0,-3.0,5.0,33.014,5036.054,175.871,1012.721,2,15444.738,3821947.767,25630240.413,31.930023,0.0,0.230099082,1319.521,0.0,235
173,3,P3_BLOCK,HIT,22,25930.933086,25940.860254,9927.167,9814.917,112.25,107.947,0,1138.0,174.0,1149.0,179.0,11.0,5.0,12.083,34.204,6149.759,248.291,1247.759,2,15459.024,3825349.561,28562307.774,35.948323,0.0,0.209365763,111.955,0.0,290
171,3,P3_BLOCK,HIT,22,25930.933045,25941.66636,10733.315,10442.876,290.439,295.221,1,1494.0,174.0,1494.0,174.0,0.0,0.0,0.0,33.242,6149.759,247.927,1712.063,3,15455.419,3819383.419,25795631.34,40.357077,0.0,0.207349514,290.208,0.0,361
172,3,P3_BLOCK,HIT,22,25930.933066,25942.850351,11917.285,11120.693,796.592,290.082,1,1850.0,306.0,1857.0,309.0,7.0,3.0,7.616,30.712,6149.759,248.58,2103.99,5,15481.243,3830241.339,22934508.464,58.630601,0.0,0.207349514,796.366,0.0,476
177,3,P3_BLOCK,HIT,22,25930.933168,25943.648241,12715.073,12608.772,106.3,102.361,1,1850.0,438.0,1858.0,439.0,8.0,1.0,8.062,31.333,6149.759,248.116,2419.903,6,15464.487,3817362.891,21131900.744,76.334824,0.0,0.227511999,106.018,0.0,554
165,3,P3_BLOCK,HIT,22,25930.932913,25944.478234,13545.321,13375.318,170.003,48.395,1,1850.0,570.0,1853.0,580.0,3.0,10.0,10.44,29.384,6149.759,247.167,2682.889,7,15461.066,3810266.495,19291297.949,94.923795,0.0,0.231823805,169.722,0.0,635
170,3,P3_BLOCK,HIT,22,25930.933024,25945.618344,14685.319,14228.943,456.376,168.113,1,1850.0,702.0,1845.0,704.0,-5.0,2.0,5.385,33.819,6149.759,247.277,3026.234,7,15464.143,3819435.954,17300848.302,118.47676,0.0,0.231823805,456.094,0.0,750
176,3,P3_BLOCK,HIT,22,25930.933148,25946.246699,15313.551,15225.1,88.45,80.617,0,1494.0,835.0,1485.0,834.0,-9.0,-1.0,9.055,30.674,6149.759,248.108,3159.033,7,15469.14,3829225.731,17322953.73,134.987216,0.0,0.28374154,88.098,0.0,815
167,3,P3_BLOCK,HIT,22,25930.932958,25946.810417,15877.458,15829.111,48.347,48.341,0,1138.0,835.0,1132.0,837.0,-6.0,2.0,6.325,33.994,6149.759,248.193,3301.979,7,15471.443,3835670.265,18171810.773,143.55236,0.0,0.318353743,48.065,0.0,872
166,3,P3_BLOCK,HIT,22,25930.932937,25947.528415,16595.478,16239.16,356.318,43.962,1,782.0,835.0,770.0,838.0,-12.0,3.0,12.369,27.834,6149.759,248.191,3606.212,8,15469.523,3833810.883,19245005.534,152.959375,0.0,0.30816331,356.129,0.0,935
174,3,P3_BLOCK,HIT,22,25930.933108,25948.928585,17995.478,17907.433,88.045,91.635,0,70.0,702.0,64.0,702.0,-6.0,0.0,6.0,36.121,6149.759,248.503,4101.098,8,15491.486,3840493.837,19435163.066,175.405625,0.0,0.244978663,87.807,0.0,1071
164,3,P3_BLOCK,HIT,22,25930.932883,25949.622635,18689.752,17280.207,1409.545,141.815,1,426.0,835.0,417.0,839.0,-9.0,4.0,9.849,28.426,6149.759,248.507,4486.145,8,15495.953,3842415.471,20247164.891,184.861247,0.0,0.231996502,1409.267,0.0,1136
178,3,P3_BLOCK,HIT,22,25930.933188,25951.540659,20607.472,20517.802,89.669,87.142,1,70.0,570.0,65.0,570.0,-5.0,0.0,5.0,31.139,6149.759,248.623,5271.555,8,15508.854,3840493.837,19355294.971,213.868558,0.0,0.231823805,89.405,0.0,1321
169,3,P3_BLOCK,HIT,22,25930.933001,25952.046621,21113.62,19695.394,1418.226,210.423,2,70.0,438.0,68.0,443.0,-2.0,5.0,5.385,30.67,6149.759,248.629,5456.326,8,15495.337,3840419.558,19180408.465,220.557954,0.0,0.231823805,1417.918,0.0,1368
