session_id,t,x,y,event_type,buttons,button,click_id,target_id,label,phase,extra
2026-02-27_163301,4563.640518,719,444,down,1,left,1,0,BASE,0,{}
2026-02-27_163301,4563.719791,719,444,up,1,left,1,,,,"{""hold_ms"": 79.272}"
2026-02-27_163301,4564.515976,683,356,session_start,0,,1,,,,"{""mode"": ""NORMAL""}"
2026-02-27_163301,4564.516024,683,356,move,0,,1,,,,{}
2026-02-27_163301,4564.528072,683,356,move,0,,1,,,,{}
2026-02-27_163301,4564.544164,684,356,move,0,,1,,,,{}
2026-02-27_163301,4564.559756,685,357,move,0,,1,,,,{}
2026-02-27_163301,4564.570865,687,358,move,0,,1,,,,{}
2026-02-27_163301,4564.590751,691,361,move,0,,1,,,,{}
2026-02-27_163301,4564.606489,695,366,move,0,,1,,,,{}
2026-02-27_163301,4564.621762,699,369,move,0,,1,,,,{}
2026-02-27_163301,4564.629927,703,372,move,0,,1,,,,{}
2026-02-27_163301,4564.638116,703,372,move,0,,1,,,,{}
2026-02-27_163301,4564.65284,706,376,move,0,,1,,,,{}
2026-02-27_163301,4564.661658,706,376,move,0,,1,,,,{}
2026-02-27_163301,4564.678647,709,381,move,0,,1,,,,{}
2026-02-27_163301,4564.686871,713,391,move,0,,1,,,,{}
2026-02-27_163301,4564.695416,713,391,move,0,,1,,,,{}
2026-02-27_163301,4564.71099,720,405,move,0,,1,,,,{}
2026-02-27_163301,4564.727948,723,413,move,0,,1,,,,{}
2026-02-27_163301,4564.743997,723,416,move,0,,1,,,,{}
2026-02-27_163301,4564.760928,723,419,move,0,,1,,,,{}
2026-02-27_163301,4564.778878,724,423,move,0,,1,,,,{}
2026-02-27_163301,4564.793205,724,425,move,0,,1,,,,{}
2026-02-27_163301,4564.808801,724,425,move,0,,1,,,,{}
2026-02-27_163301,4564.824122,724,426,move,0,,1,,,,{}
2026-02-27_163301,4564.83963,724,426,move,0,,1,,,,{}
2026-02-27_163301,4564.855518,724,426,move,0,,1,,,,{}
2026-02-27_163301,4564.871362,724,426,move,0,,1,,,,{}
2026-02-27_163301,4564.886607,724,426,move,0,,1,,,,{}
2026-02-27_163301,4564.90208,724,426,move,0,,1,,,,{}
2026-02-27_163301,4564.917791,724,426,target_spawn,1,,2,1,P1_TARGET,1,"{""label"": ""P1_TARGET"", ""size"": 46}"
2026-02-27_163301,4564.917816,724,426,down,1,left,2,0,BASE,0,{}
2026-02-27_163301,4564.917855,724,426,move,1,,2,1,P1_TARGET,1,{}
2026-02-27_163301,4564.933264,724,426,move,1,,2,1,P1_TARGET,1,{}
2026-02-27_163301,4564.948762,724,426,move,1,,2,1,P1_TARGET,1,{}
2026-02-27_163301,4564.964388,724,426,move,1,,2,1,P1_TARGET,1,{}
2026-02-27_163301,4564.981132,724,426,up,1,left,2,,,,"{""hold_ms"": 63.484}"
2026-02-27_163301,4564.981197,724,426,move,0,,2,1,P1_TARGET,1,{}
2026-02-27_163301,4564.9955,724,426,move,0,,2,1,P1_TARGET,1,{}
2026-02-27_163301,4565.011742,724,426,move,0,,2,1,P1_TARGET,1,{}
2026-02-27_163301,4565.026659,724,426,move,0,,2,1,P1_TARGET,1,{}
2026-02-27_163301,4565.041966,724,426,move,0,,2,1,P1_TARGET,1,{}
2026-02-27_163301,4565.057872,724,426,move,0,,2,1,P1_TARGET,1,{}
2026-02-27_163301,4565.073288,724,426,move,0,,2,1,P1_TARGET,1,{}
2026-02-27_163301,4565.088791,724,426,move,0,,2,1,P1_TARGET,1,{}
2026-02-27_163301,4565.104428,724,426,move,0,,2,1,P1_TARGET,1,{}
2026-02-27_163301,4565.119915,724,426,move,0,,2,1,P1_TARGET,1,{}
2026-02-27_163301,4565.135281,724,426,move,0,,2,1,P1_TARGET,1,{}
2026-02-27_163301,4565.144265,724,426,move,0,,2,1,P1_TARGET,1,{}
2026-02-27_163301,4565.161302,724,423,move,0,,2,1,P1_TARGET,1,{}
2026-02-27_163301,4565.177164,724,419,move,0,,2,1,P1_TARGET,1,{}
2026-02-27_163301,4565.194197,721,412,move,0,,2,1,P1_TARGET,1,{}
2026-02-27_163301,4565.211375,719,404,move,0,,2,1,P1_TARGET,1,{}
2026-02-27_163301,4565.227982,707,392,move,0,,2,1,P1_TARGET,1,{}
2026-02-27_163301,4565.243385,687,380,move,0,,2,1,P1_TARGET,1,{}
2026-02-27_163301,4565.25933,680,380,move,0,,2,1,P1_TARGET,1,{}
2026-02-27_163301,4565.275336,676,380,move,0,,2,1,P1_TARGET,1,{}
2026-02-27_163301,4565.290538,668,387,move,0,,2,1,P1_TARGET,1,{}
2026-02-27_163301,4565.305714,655,399,move,0,,2,1,P1_TARGET,1,{}
2026-02-27_163301,4565.321428,636,416,move,0,,2,1,P1_TARGET,1,{}
2026-02-27_163301,4565.336618,624,423,move,0,,2,1,P1_TARGET,1,{}
2026-02-27_163301,4565.3518,609,431,move,0,,2,1,P1_TARGET,1,{}
2026-02-27_163301,4565.36061,609,431,move,0,,2,1,P1_TARGET,1,{}
2026-02-27_163301,4565.376514,603,434,move,0,,2,1,P1_TARGET,1,{}
2026-02-27_163301,4565.398108,599,437,move,0,,2,1,P1_TARGET,1,{}
2026-02-27_163301,4565.413406,599,437,move,0,,2,1,P1_TARGET,1,{}
2026-02-27_163301,4565.428524,599,437,move,0,,2,1,P1_TARGET,1,{}
2026-02-27_163301,4565.44372,599,437,move,0,,2,1,P1_TARGET,1,{}
2026-02-27_163301,4565.458786,599,437,move,0,,2,1,P1_TARGET,1,{}
2026-02-27_163301,4565.466968,599,437,down,1,left,3,1,P1_TARGET,1,{}
2026-02-27_163301,4565.467009,599,437,move,1,,3,1,P1_TARGET,1,{}
2026-02-27_163301,4565.490059,599,437,move,1,,3,1,P1_TARGET,1,{}
2026-02-27_163301,4565.505419,599,437,move,1,,3,1,P1_TARGET,1,{}
2026-02-27_163301,4565.520733,599,437,move,1,,3,1,P1_TARGET,1,{}
2026-02-27_163301,4565.536505,599,437,move,1,,3,1,P1_TARGET,1,{}
2026-02-27_163301,4565.552189,599,437,move,1,,3,1,P1_TARGET,1,{}
2026-02-27_163301,4565.556927,599,437,target_end,1,,3,1,P1_TARGET,1,"{""outcome"": ""HIT""}"
2026-02-27_163301,4565.557076,599,437,up,1,left,3,1,P1_TARGET,1,"{""hold_ms"": 89.801}"
2026-02-27_163301,4565.562254,599,437,move,0,,3,,,,{}
2026-02-27_163301,4565.578731,599,437,move,0,,3,,,,{}
2026-02-27_163301,4565.593787,599,438,move,0,,3,,,,{}
2026-02-27_163301,4565.611167,601,438,move,0,,3,,,,{}
2026-02-27_163301,4565.628214,610,438,move,0,,3,,,,{}
2026-02-27_163301,4565.643858,616,439,move,0,,3,,,,{}
2026-02-27_163301,4565.661148,623,439,move,0,,3,,,,{}
2026-02-27_163301,4565.676897,634,439,move,0,,3,,,,{}
2026-02-27_163301,4565.692195,646,439,move,0,,3,,,,{}
2026-02-27_163301,4565.70772,651,439,move,0,,3,,,,{}
2026-02-27_163301,4565.723538,657,438,move,0,,3,,,,{}
2026-02-27_163301,4565.739594,663,437,move,0,,3,,,,{}
2026-02-27_163301,4565.754835,667,435,move,0,,3,,,,{}
2026-02-27_163301,4565.770146,669,435,move,0,,3,,,,{}
2026-02-27_163301,4565.785828,672,433,move,0,,3,,,,{}
2026-02-27_163301,4565.793894,674,432,move,0,,3,,,,{}
2026-02-27_163301,4565.80216,674,432,move,0,,3,,,,{}
2026-02-27_163301,4565.810297,677,430,move,0,,3,,,,{}
2026-02-27_163301,4565.827566,677,430,move,0,,3,,,,{}
2026-02-27_163301,4565.843734,682,428,move,0,,3,,,,{}
2026-02-27_163301,4565.863377,684,428,move,0,,3,,,,{}
2026-02-27_163301,4565.878979,684,428,move,0,,3,,,,{}
2026-02-27_163301,4565.894556,684,428,move,0,,3,,,,{}
2026-02-27_163301,4565.910004,684,428,move,0,,3,,,,{}
2026-02-27_163301,4565.917449,684,428,target_spawn,1,,4,2,P1_TARGET,1,"{""label"": ""P1_TARGET"", ""size"": 46}"
2026-02-27_163301,4565.917469,684,428,down,1,left,4,0,BASE,0,{}
2026-02-27_163301,4565.918092,684,428,move,1,,4,2,P1_TARGET,1,{}
2026-02-27_163301,4565.926757,684,428,move,1,,4,2,P1_TARGET,1,{}
2026-02-27_163301,4565.942055,684,428,move,1,,4,2,P1_TARGET,1,{}
2026-02-27_163301,4565.957721,684,428,move,1,,4,2,P1_TARGET,1,{}
2026-02-27_163301,4565.973609,685,428,move,1,,4,2,P1_TARGET,1,{}
2026-02-27_163301,4565.989611,685,428,move,1,,4,2,P1_TARGET,1,{}
2026-02-27_163301,4566.005142,685,428,move,1,,4,2,P1_TARGET,1,{}
2026-02-27_163301,4566.015463,685,428,up,1,left,4,,,,"{""hold_ms"": 98.157}"
2026-02-27_163301,4566.015502,685,428,move,0,,4,2,P1_TARGET,1,{}
2026-02-27_163301,4566.037022,685,428,move,0,,4,2,P1_TARGET,1,{}
2026-02-27_163301,4566.052225,685,428,move,0,,4,2,P1_TARGET,1,{}
2026-02-27_163301,4566.067367,685,428,move,0,,4,2,P1_TARGET,1,{}
2026-02-27_163301,4566.082607,685,428,move,0,,4,2,P1_TARGET,1,{}
2026-02-27_163301,4566.098549,685,428,move,0,,4,2,P1_TARGET,1,{}
2026-02-27_163301,4566.113976,685,428,move,0,,4,2,P1_TARGET,1,{}
2026-02-27_163301,4566.129106,685,428,move,0,,4,2,P1_TARGET,1,{}
2026-02-27_163301,4566.1451,685,428,move,0,,4,2,P1_TARGET,1,{}
2026-02-27_163301,4566.160318,685,428,move,0,,4,2,P1_TARGET,1,{}
2026-02-27_163301,4566.176347,685,428,move,0,,4,2,P1_TARGET,1,{}
2026-02-27_163301,4566.191952,686,428,move,0,,4,2,P1_TARGET,1,{}
2026-02-27_163301,4566.207109,694,433,move,0,,4,2,P1_TARGET,1,{}
2026-02-27_163301,4566.222477,705,437,move,0,,4,2,P1_TARGET,1,{}
2026-02-27_163301,4566.238569,714,441,move,0,,4,2,P1_TARGET,1,{}
2026-02-27_163301,4566.254153,741,456,move,0,,4,2,P1_TARGET,1,{}
2026-02-27_163301,4566.262699,741,456,move,0,,4,2,P1_TARGET,1,{}
2026-02-27_163301,4566.27726,790,485,move,0,,4,2,P1_TARGET,1,{}
2026-02-27_163301,4566.293469,821,505,move,0,,4,2,P1_TARGET,1,{}
2026-02-27_163301,4566.301525,865,532,move,0,,4,2,P1_TARGET,1,{}
2026-02-27_163301,4566.310319,865,532,move,0,,4,2,P1_TARGET,1,{}
2026-02-27_163301,4566.32783,900,553,move,0,,4,2,P1_TARGET,1,{}
2026-02-27_163301,4566.343552,936,570,move,0,,4,2,P1_TARGET,1,{}
2026-02-27_163301,4566.360654,959,581,move,0,,4,2,P1_TARGET,1,{}
2026-02-27_163301,4566.377431,967,585,move,0,,4,2,P1_TARGET,1,{}
2026-02-27_163301,4566.393301,968,586,move,0,,4,2,P1_TARGET,1,{}
2026-02-27_163301,4566.409013,968,586,move,0,,4,2,P1_TARGET,1,{}
2026-02-27_163301,4566.424901,968,587,move,0,,4,2,P1_TARGET,1,{}
2026-02-27_163301,4566.440497,968,587,move,0,,4,2,P1_TARGET,1,{}
2026-02-27_163301,4566.455883,968,587,move,0,,4,2,P1_TARGET,1,{}
2026-02-27_163301,4566.471121,968,587,move,0,,4,2,P1_TARGET,1,{}
2026-02-27_163301,4566.486491,969,587,move,0,,4,2,P1_TARGET,1,{}
2026-02-27_163301,4566.494806,969,587,move,0,,4,2,P1_TARGET,1,{}
2026-02-27_163301,4566.510936,970,591,move,0,,4,2,P1_TARGET,1,{}
2026-02-27_163301,4566.528665,973,597,move,0,,4,2,P1_TARGET,1,{}
2026-02-27_163301,4566.543432,978,601,move,0,,4,2,P1_TARGET,1,{}
2026-02-27_163301,4566.551495,983,607,move,0,,4,2,P1_TARGET,1,{}
2026-02-27_163301,4566.560787,983,607,move,0,,4,2,P1_TARGET,1,{}
2026-02-27_163301,4566.578475,991,617,move,0,,4,2,P1_TARGET,1,{}
2026-02-27_163301,4566.59555,1003,625,move,0,,4,2,P1_TARGET,1,{}
2026-02-27_163301,4566.611092,1007,627,move,0,,4,2,P1_TARGET,1,{}
2026-02-27_163301,4566.627157,1007,627,move,0,,4,2,P1_TARGET,1,{}
2026-02-27_163301,4566.64303,1007,627,move,0,,4,2,P1_TARGET,1,{}
2026-02-27_163301,4566.658684,1007,627,move,0,,4,2,P1_TARGET,1,{}
2026-02-27_163301,4566.660313,1007,627,down,1,left,5,2,P1_TARGET,1,{}
2026-02-27_163301,4566.674057,1007,627,move,1,,5,2,P1_TARGET,1,{}
2026-02-27_163301,4566.690027,1007,627,move,1,,5,2,P1_TARGET,1,{}
2026-02-27_163301,4566.705409,1007,627,move,1,,5,2,P1_TARGET,1,{}
2026-02-27_163301,4566.720535,1007,627,move,1,,5,2,P1_TARGET,1,{}
2026-02-27_163301,4566.727592,1007,627,target_end,1,,5,2,P1_TARGET,1,"{""outcome"": ""HIT""}"
2026-02-27_163301,4566.727765,1007,627,up,1,left,5,2,P1_TARGET,1,"{""hold_ms"": 67.122}"
2026-02-27_163301,4566.728628,1007,627,move,0,,5,,,,{}
2026-02-27_163301,4566.736701,1007,627,move,0,,5,,,,{}
2026-02-27_163301,4566.752205,1007,627,move,0,,5,,,,{}
2026-02-27_163301,4566.768198,1007,627,move,0,,5,,,,{}
2026-02-27_163301,4566.784002,1007,627,move,0,,5,,,,{}
2026-02-27_163301,4566.799591,1007,627,move,0,,5,,,,{}
2026-02-27_163301,4566.815348,1007,627,move,0,,5,,,,{}
2026-02-27_163301,4566.826835,1001,624,move,0,,5,,,,{}
2026-02-27_163301,4566.843468,998,622,move,0,,5,,,,{}
2026-02-27_163301,4566.860985,986,609,move,0,,5,,,,{}
2026-02-27_163301,4566.876896,942,566,move,0,,5,,,,{}
2026-02-27_163301,4566.893498,891,534,move,0,,5,,,,{}
2026-02-27_163301,4566.909346,807,491,move,0,,5,,,,{}
2026-02-27_163301,4566.924779,740,457,move,0,,5,,,,{}
2026-02-27_163301,4566.939938,703,440,move,0,,5,,,,{}
2026-02-27_163301,4566.955035,664,420,move,0,,5,,,,{}
2026-02-27_163301,4566.970901,653,415,move,0,,5,,,,{}
2026-02-27_163301,4566.986375,650,412,move,0,,5,,,,{}
2026-02-27_163301,4566.994444,649,409,move,0,,5,,,,{}
2026-02-27_163301,4567.002514,649,409,move,0,,5,,,,{}
2026-02-27_163301,4567.010582,649,408,move,0,,5,,,,{}
2026-02-27_163301,4567.01863,649,408,move,0,,5,,,,{}
2026-02-27_163301,4567.033276,649,408,move,0,,5,,,,{}
2026-02-27_163301,4567.04888,649,408,move,0,,5,,,,{}
2026-02-27_163301,4567.060692,649,408,move,0,,5,,,,{}
2026-02-27_163301,4567.077858,647,407,move,0,,5,,,,{}
2026-02-27_163301,4567.093586,647,406,move,0,,5,,,,{}
2026-02-27_163301,4567.111345,647,405,move,0,,5,,,,{}
2026-02-27_163301,4567.127264,647,405,move,0,,5,,,,{}
2026-02-27_163301,4567.13356,647,405,down,1,left,6,,,,{}
2026-02-27_163301,4567.133576,647,405,misclick,1,,6,,,,{}
2026-02-27_163301,4567.143303,647,405,move,1,,6,,,,{}
2026-02-27_163301,4567.158899,647,405,move,1,,6,,,,{}
2026-02-27_163301,4567.17438,647,405,move,1,,6,,,,{}
2026-02-27_163301,4567.184782,647,405,up,1,left,6,,,,"{""hold_ms"": 51.221}"
2026-02-27_163301,4567.184829,647,405,move,0,,6,,,,{}
2026-02-27_163301,4567.205109,647,405,move,0,,6,,,,{}
2026-02-27_163301,4567.220351,647,405,move,0,,6,,,,{}
2026-02-27_163301,4567.236273,648,406,move,0,,6,,,,{}
2026-02-27_163301,4567.252351,664,416,move,0,,6,,,,{}
2026-02-27_163301,4567.268318,677,420,move,0,,6,,,,{}
2026-02-27_163301,4567.276378,690,424,move,0,,6,,,,{}
2026-02-27_163301,4567.28461,690,424,move,0,,6,,,,{}
2026-02-27_163301,4567.29376,690,424,move,0,,6,,,,{}
2026-02-27_163301,4567.302063,700,428,move,0,,6,,,,{}
2026-02-27_163301,4567.310158,700,428,move,0,,6,,,,{}
2026-02-27_163301,4567.326805,707,430,move,0,,6,,,,{}
2026-02-27_163301,4567.346584,708,431,move,0,,6,,,,{}
2026-02-27_163301,4567.362416,708,431,move,0,,6,,,,{}
2026-02-27_163301,4567.372628,708,431,target_spawn,1,,7,3,P1_TARGET,1,"{""label"": ""P1_TARGET"", ""size"": 46}"
2026-02-27_163301,4567.372649,708,431,down,1,left,7,0,BASE,0,{}
2026-02-27_163301,4567.372683,708,431,move,1,,7,3,P1_TARGET,1,{}
2026-02-27_163301,4567.394478,708,431,move,1,,7,3,P1_TARGET,1,{}
2026-02-27_163301,4567.410079,708,431,move,1,,7,3,P1_TARGET,1,{}
2026-02-27_163301,4567.425243,708,431,move,1,,7,3,P1_TARGET,1,{}
2026-02-27_163301,4567.440772,708,431,move,1,,7,3,P1_TARGET,1,{}
2026-02-27_163301,4567.454865,708,431,up,1,left,7,,,,"{""hold_ms"": 82.367}"
2026-02-27_163301,4567.454917,708,431,move,0,,7,3,P1_TARGET,1,{}
2026-02-27_163301,4567.471351,708,431,move,0,,7,3,P1_TARGET,1,{}
2026-02-27_163301,4567.486621,708,432,move,0,,7,3,P1_TARGET,1,{}
2026-02-27_163301,4567.502259,708,432,move,0,,7,3,P1_TARGET,1,{}
2026-02-27_163301,4567.51812,708,432,move,0,,7,3,P1_TARGET,1,{}
2026-02-27_163301,4567.534144,708,432,move,0,,7,3,P1_TARGET,1,{}
2026-02-27_163301,4567.550221,708,432,move,0,,7,3,P1_TARGET,1,{}
2026-02-27_163301,4567.565932,708,432,move,0,,7,3,P1_TARGET,1,{}
2026-02-27_163301,4567.581088,708,432,move,0,,7,3,P1_TARGET,1,{}
2026-02-27_163301,4567.596589,708,432,move,0,,7,3,P1_TARGET,1,{}
2026-02-27_163301,4567.61243,708,432,move,0,,7,3,P1_TARGET,1,{}
2026-02-27_163301,4567.627578,708,432,move,0,,7,3,P1_TARGET,1,{}
2026-02-27_163301,4567.643024,708,432,move,0,,7,3,P1_TARGET,1,{}
2026-02-27_163301,4567.657902,710,432,move,0,,7,3,P1_TARGET,1,{}
2026-02-27_163301,4567.672946,712,431,move,0,,7,3,P1_TARGET,1,{}
2026-02-27_163301,4567.689039,719,429,move,0,,7,3,P1_TARGET,1,{}
2026-02-27_163301,4567.704674,726,426,move,0,,7,3,P1_TARGET,1,{}
2026-02-27_163301,4567.712735,731,423,move,0,,7,3,P1_TARGET,1,{}
2026-02-27_163301,4567.720793,731,423,move,0,,7,3,P1_TARGET,1,{}
2026-02-27_163301,4567.735599,738,421,move,0,,7,3,P1_TARGET,1,{}
2026-02-27_163301,4567.743659,741,419,move,0,,7,3,P1_TARGET,1,{}
2026-02-27_163301,4567.751714,741,419,move,0,,7,3,P1_TARGET,1,{}
2026-02-27_163301,4567.762063,741,419,move,0,,7,3,P1_TARGET,1,{}
2026-02-27_163301,4567.776186,752,414,move,0,,7,3,P1_TARGET,1,{}
2026-02-27_163301,4567.793424,762,409,move,0,,7,3,P1_TARGET,1,{}
2026-02-27_163301,4567.810316,769,405,move,0,,7,3,P1_TARGET,1,{}
2026-02-27_163301,4567.827829,777,401,move,0,,7,3,P1_TARGET,1,{}
2026-02-27_163301,4567.843,784,394,move,0,,7,3,P1_TARGET,1,{}
2026-02-27_163301,4567.857657,791,392,move,0,,7,3,P1_TARGET,1,{}
2026-02-27_163301,4567.872408,797,392,move,0,,7,3,P1_TARGET,1,{}
2026-02-27_163301,4567.887533,801,391,move,0,,7,3,P1_TARGET,1,{}
2026-02-27_163301,4567.90319,804,390,move,0,,7,3,P1_TARGET,1,{}
2026-02-27_163301,4567.911258,809,389,move,0,,7,3,P1_TARGET,1,{}
2026-02-27_163301,4567.919996,809,389,move,0,,7,3,P1_TARGET,1,{}
2026-02-27_163301,4567.935309,818,389,move,0,,7,3,P1_TARGET,1,{}
2026-02-27_163301,4567.943395,832,388,move,0,,7,3,P1_TARGET,1,{}
2026-02-27_163301,4567.95146,832,388,move,0,,7,3,P1_TARGET,1,{}
2026-02-27_163301,4567.960015,832,388,move,0,,7,3,P1_TARGET,1,{}
2026-02-27_163301,4567.97896,838,388,move,0,,7,3,P1_TARGET,1,{}
2026-02-27_163301,4567.993553,851,386,move,0,,7,3,P1_TARGET,1,{}
2026-02-27_163301,4568.009627,855,385,move,0,,7,3,P1_TARGET,1,{}
2026-02-27_163301,4568.025829,860,384,move,0,,7,3,P1_TARGET,1,{}
2026-02-27_163301,4568.042476,861,383,move,0,,7,3,P1_TARGET,1,{}
2026-02-27_163301,4568.053969,862,383,down,1,left,8,3,P1_TARGET,1,{}
2026-02-27_163301,4568.054016,862,383,move,1,,8,3,P1_TARGET,1,{}
2026-02-27_163301,4568.073736,862,383,move,1,,8,3,P1_TARGET,1,{}
2026-02-27_163301,4568.089846,862,383,move,1,,8,3,P1_TARGET,1,{}
2026-02-27_163301,4568.105459,862,383,move,1,,8,3,P1_TARGET,1,{}
2026-02-27_163301,4568.12151,862,383,move,1,,8,3,P1_TARGET,1,{}
2026-02-27_163301,4568.137525,862,383,move,1,,8,3,P1_TARGET,1,{}
2026-02-27_163301,4568.144963,862,383,target_end,1,,8,3,P1_TARGET,1,"{""outcome"": ""HIT""}"
2026-02-27_163301,4568.145135,862,383,up,1,left,8,3,P1_TARGET,1,"{""hold_ms"": 90.851}"
2026-02-27_163301,4568.145631,862,383,move,0,,8,,,,{}
2026-02-27_163301,4568.153699,862,383,move,0,,8,,,,{}
2026-02-27_163301,4568.16895,862,383,move,0,,8,,,,{}
2026-02-27_163301,4568.183964,862,383,move,0,,8,,,,{}
2026-02-27_163301,4568.199357,862,383,move,0,,8,,,,{}
2026-02-27_163301,4568.214629,862,383,move,0,,8,,,,{}
2026-02-27_163301,4568.226557,862,383,move,0,,8,,,,{}
2026-02-27_163301,4568.242339,861,383,move,0,,8,,,,{}
2026-02-27_163301,4568.259587,852,386,move,0,,8,,,,{}
2026-02-27_163301,4568.275988,841,390,move,0,,8,,,,{}
2026-02-27_163301,4568.290956,824,394,move,0,,8,,,,{}
2026-02-27_163301,4568.306326,800,401,move,0,,8,,,,{}
2026-02-27_163301,4568.322145,733,417,move,0,,8,,,,{}
2026-02-27_163301,4568.33757,695,427,move,0,,8,,,,{}
2026-02-27_163301,4568.353271,680,431,move,0,,8,,,,{}
2026-02-27_163301,4568.368814,663,436,move,0,,8,,,,{}
2026-02-27_163301,4568.37771,663,436,move,0,,8,,,,{}
2026-02-27_163301,4568.392355,657,438,move,0,,8,,,,{}
2026-02-27_163301,4568.400516,656,439,move,0,,8,,,,{}
2026-02-27_163301,4568.408822,656,439,move,0,,8,,,,{}
2026-02-27_163301,4568.417745,655,440,move,0,,8,,,,{}
2026-02-27_163301,4568.430868,655,440,move,0,,8,,,,{}
2026-02-27_163301,4568.443705,655,440,move,0,,8,,,,{}
2026-02-27_163301,4568.462027,655,441,move,0,,8,,,,{}
2026-02-27_163301,4568.476135,655,441,move,0,,8,,,,{}
2026-02-27_163301,4568.492663,654,441,move,0,,8,,,,{}
2026-02-27_163301,4568.508857,654,442,move,0,,8,,,,{}
2026-02-27_163301,4568.524257,654,442,move,0,,8,,,,{}
2026-02-27_163301,4568.539716,654,442,move,0,,8,,,,{}
2026-02-27_163301,4568.555507,654,442,move,0,,8,,,,{}
2026-02-27_163301,4568.571282,654,442,move,0,,8,,,,{}
2026-02-27_163301,4568.586382,654,442,move,0,,8,,,,{}
2026-02-27_163301,4568.602255,654,442,move,0,,8,,,,{}
2026-02-27_163301,4568.610388,655,442,move,0,,8,,,,{}
2026-02-27_163301,4568.618446,655,442,move,0,,8,,,,{}
2026-02-27_163301,4568.626494,660,441,move,0,,8,,,,{}
2026-02-27_163301,4568.642695,660,441,move,0,,8,,,,{}
2026-02-27_163301,4568.661227,671,437,move,0,,8,,,,{}
2026-02-27_163301,4568.676374,694,432,move,0,,8,,,,{}
2026-02-27_163301,4568.692942,710,429,move,0,,8,,,,{}
2026-02-27_163301,4568.711251,716,428,move,0,,8,,,,{}
2026-02-27_163301,4568.726267,716,428,move,0,,8,,,,{}
2026-02-27_163301,4568.742221,716,428,move,0,,8,,,,{}
2026-02-27_163301,4568.757706,716,428,move,0,,8,,,,{}
2026-02-27_163301,4568.767577,716,428,target_spawn,1,,9,4,P1_TARGET,1,"{""label"": ""P1_TARGET"", ""size"": 46}"
2026-02-27_163301,4568.767598,716,428,down,1,left,9,0,BASE,0,{}
2026-02-27_163301,4568.76763,716,428,move,1,,9,4,P1_TARGET,1,{}
2026-02-27_163301,4568.788468,716,428,move,1,,9,4,P1_TARGET,1,{}
2026-02-27_163301,4568.80369,716,428,move,1,,9,4,P1_TARGET,1,{}
2026-02-27_163301,4568.819357,716,428,move,1,,9,4,P1_TARGET,1,{}
2026-02-27_163301,4568.834684,716,428,move,1,,9,4,P1_TARGET,1,{}
2026-02-27_163301,4568.850067,716,428,move,1,,9,4,P1_TARGET,1,{}
2026-02-27_163301,4568.865436,716,428,move,1,,9,4,P1_TARGET,1,{}
2026-02-27_163301,4568.872956,716,428,up,1,left,9,,,,"{""hold_ms"": 105.513}"
2026-02-27_163301,4568.873477,716,428,move,0,,9,4,P1_TARGET,1,{}
2026-02-27_163301,4568.881594,716,428,move,0,,9,4,P1_TARGET,1,{}
2026-02-27_163301,4568.897233,716,428,move,0,,9,4,P1_TARGET,1,{}
2026-02-27_163301,4568.9131,716,428,move,0,,9,4,P1_TARGET,1,{}
2026-02-27_163301,4568.927997,716,428,move,0,,9,4,P1_TARGET,1,{}
2026-02-27_163301,4568.943551,716,428,move,0,,9,4,P1_TARGET,1,{}
2026-02-27_163301,4568.959749,716,428,move,0,,9,4,P1_TARGET,1,{}
2026-02-27_163301,4568.975105,716,428,move,0,,9,4,P1_TARGET,1,{}
2026-02-27_163301,4568.990231,716,428,move,0,,9,4,P1_TARGET,1,{}
2026-02-27_163301,4569.005576,716,428,move,0,,9,4,P1_TARGET,1,{}
2026-02-27_163301,4569.02116,716,428,move,0,,9,4,P1_TARGET,1,{}
2026-02-27_163301,4569.036243,716,428,move,0,,9,4,P1_TARGET,1,{}
2026-02-27_163301,4569.044301,716,427,move,0,,9,4,P1_TARGET,1,{}
2026-02-27_163301,4569.052473,716,427,move,0,,9,4,P1_TARGET,1,{}
2026-02-27_163301,4569.067763,716,427,move,0,,9,4,P1_TARGET,1,{}
2026-02-27_163301,4569.081165,716,427,move,0,,9,4,P1_TARGET,1,{}
2026-02-27_163301,4569.092557,718,427,move,0,,9,4,P1_TARGET,1,{}
2026-02-27_163301,4569.109067,723,429,move,0,,9,4,P1_TARGET,1,{}
2026-02-27_163301,4569.126044,739,444,move,0,,9,4,P1_TARGET,1,{}
2026-02-27_163301,4569.143332,768,473,move,0,,9,4,P1_TARGET,1,{}
2026-02-27_163301,4569.158754,785,490,move,0,,9,4,P1_TARGET,1,{}
2026-02-27_163301,4569.17485,806,513,move,0,,9,4,P1_TARGET,1,{}
2026-02-27_163301,4569.190833,820,532,move,0,,9,4,P1_TARGET,1,{}
2026-02-27_163301,4569.206021,827,541,move,0,,9,4,P1_TARGET,1,{}
2026-02-27_163301,4569.22137,831,550,move,0,,9,4,P1_TARGET,1,{}
2026-02-27_163301,4569.237405,834,554,move,0,,9,4,P1_TARGET,1,{}
2026-02-27_163301,4569.252548,835,555,move,0,,9,4,P1_TARGET,1,{}
2026-02-27_163301,4569.268536,835,555,move,0,,9,4,P1_TARGET,1,{}
2026-02-27_163301,4569.27764,835,555,move,0,,9,4,P1_TARGET,1,{}
2026-02-27_163301,4569.286018,836,556,move,0,,9,4,P1_TARGET,1,{}
2026-02-27_163301,4569.298904,837,557,move,0,,9,4,P1_TARGET,1,{}
2026-02-27_163301,4569.309098,837,557,move,0,,9,4,P1_TARGET,1,{}
2026-02-27_163301,4569.326669,841,562,move,0,,9,4,P1_TARGET,1,{}
2026-02-27_163301,4569.343824,843,564,move,0,,9,4,P1_TARGET,1,{}
2026-02-27_163301,4569.359066,853,572,move,0,,9,4,P1_TARGET,1,{}
2026-02-27_163301,4569.375697,858,575,move,0,,9,4,P1_TARGET,1,{}
2026-02-27_163301,4569.392389,864,581,move,0,,9,4,P1_TARGET,1,{}
2026-02-27_163301,4569.407893,869,584,move,0,,9,4,P1_TARGET,1,{}
2026-02-27_163301,4569.423972,871,585,move,0,,9,4,P1_TARGET,1,{}
2026-02-27_163301,4569.439832,871,585,move,0,,9,4,P1_TARGET,1,{}
2026-02-27_163301,4569.455926,871,585,move,0,,9,4,P1_TARGET,1,{}
2026-02-27_163301,4569.471182,871,585,move,0,,9,4,P1_TARGET,1,{}
2026-02-27_163301,4569.486453,871,585,move,0,,9,4,P1_TARGET,1,{}
2026-02-27_163301,4569.494472,871,585,down,1,left,10,4,P1_TARGET,1,{}
2026-02-27_163301,4569.494531,871,585,move,1,,10,4,P1_TARGET,1,{}
2026-02-27_163301,4569.502603,871,585,move,1,,10,4,P1_TARGET,1,{}
2026-02-27_163301,4569.517459,871,585,move,1,,10,4,P1_TARGET,1,{}
2026-02-27_163301,4569.53322,871,585,move,1,,10,4,P1_TARGET,1,{}
2026-02-27_163301,4569.548615,871,585,move,1,,10,4,P1_TARGET,1,{}
2026-02-27_163301,4569.564669,871,585,move,1,,10,4,P1_TARGET,1,{}
2026-02-27_163301,4569.577279,871,585,target_end,1,,10,4,P1_TARGET,1,"{""outcome"": ""HIT""}"
2026-02-27_163301,4569.57744,871,585,up,1,left,10,4,P1_TARGET,1,"{""hold_ms"": 82.664}"
2026-02-27_163301,4569.577481,871,585,move,0,,10,,,,{}
2026-02-27_163301,4569.595833,871,585,move,0,,10,,,,{}
2026-02-27_163301,4569.611921,871,585,move,0,,10,,,,{}
2026-02-27_163301,4569.625479,871,585,move,0,,10,,,,{}
2026-02-27_163301,4569.643712,871,583,move,0,,10,,,,{}
2026-02-27_163301,4569.658939,870,581,move,0,,10,,,,{}
2026-02-27_163301,4569.674941,865,574,move,0,,10,,,,{}
2026-02-27_163301,4569.690859,850,559,move,0,,10,,,,{}
2026-02-27_163301,4569.706024,830,544,move,0,,10,,,,{}
2026-02-27_163301,4569.721664,789,516,move,0,,10,,,,{}
2026-02-27_163301,4569.737411,730,477,move,0,,10,,,,{}
2026-02-27_163301,4569.752901,707,463,move,0,,10,,,,{}
2026-02-27_163301,4569.768799,689,449,move,0,,10,,,,{}
2026-02-27_163301,4569.784359,686,445,move,0,,10,,,,{}
2026-02-27_163301,4569.793495,686,445,move,0,,10,,,,{}
2026-02-27_163301,4569.809209,685,443,move,0,,10,,,,{}
2026-02-27_163301,4569.826039,685,438,move,0,,10,,,,{}
2026-02-27_163301,4569.842676,685,435,move,0,,10,,,,{}
2026-02-27_163301,4569.86075,685,434,move,0,,10,,,,{}
2026-02-27_163301,4569.877805,685,432,move,0,,10,,,,{}
2026-02-27_163301,4569.892348,685,432,move,0,,10,,,,{}
2026-02-27_163301,4569.909035,685,431,move,0,,10,,,,{}
2026-02-27_163301,4569.925145,685,431,move,0,,10,,,,{}
2026-02-27_163301,4569.94026,685,431,move,0,,10,,,,{}
2026-02-27_163301,4569.956334,685,431,move,0,,10,,,,{}
2026-02-27_163301,4569.971817,685,431,move,0,,10,,,,{}
2026-02-27_163301,4569.976199,685,431,target_spawn,1,,11,5,P1_TARGET,1,"{""label"": ""P1_TARGET"", ""size"": 46}"
2026-02-27_163301,4569.976218,685,431,down,1,left,11,0,BASE,0,{}
2026-02-27_163301,4569.987452,685,431,move,1,,11,5,P1_TARGET,1,{}
2026-02-27_163301,4570.002699,685,431,move,1,,11,5,P1_TARGET,1,{}
2026-02-27_163301,4570.018447,685,431,move,1,,11,5,P1_TARGET,1,{}
2026-02-27_163301,4570.033925,685,431,move,1,,11,5,P1_TARGET,1,{}
2026-02-27_163301,4570.049997,685,431,move,1,,11,5,P1_TARGET,1,{}
2026-02-27_163301,4570.058874,685,431,up,1,left,11,,,,"{""hold_ms"": 82.802}"
2026-02-27_163301,4570.058924,685,431,move,0,,11,5,P1_TARGET,1,{}
2026-02-27_163301,4570.081801,685,431,move,0,,11,5,P1_TARGET,1,{}
2026-02-27_163301,4570.097513,685,431,move,0,,11,5,P1_TARGET,1,{}
2026-02-27_163301,4570.113506,685,431,move,0,,11,5,P1_TARGET,1,{}
2026-02-27_163301,4570.128509,685,431,move,0,,11,5,P1_TARGET,1,{}
2026-02-27_163301,4570.14458,685,431,move,0,,11,5,P1_TARGET,1,{}
2026-02-27_163301,4570.160078,685,431,move,0,,11,5,P1_TARGET,1,{}
2026-02-27_163301,4570.175966,685,431,move,0,,11,5,P1_TARGET,1,{}
2026-02-27_163301,4570.191197,685,431,move,0,,11,5,P1_TARGET,1,{}
2026-02-27_163301,4570.206366,685,431,move,0,,11,5,P1_TARGET,1,{}
2026-02-27_163301,4570.22169,684,431,move,0,,11,5,P1_TARGET,1,{}
2026-02-27_163301,4570.23745,674,431,move,0,,11,5,P1_TARGET,1,{}
2026-02-27_163301,4570.252397,662,431,move,0,,11,5,P1_TARGET,1,{}
2026-02-27_163301,4570.268269,616,427,move,0,,11,5,P1_TARGET,1,{}
2026-02-27_163301,4570.276328,582,424,move,0,,11,5,P1_TARGET,1,{}
2026-02-27_163301,4570.285773,582,424,move,0,,11,5,P1_TARGET,1,{}
2026-02-27_163301,4570.293851,556,417,move,0,,11,5,P1_TARGET,1,{}
2026-02-27_163301,4570.309058,556,417,move,0,,11,5,P1_TARGET,1,{}
2026-02-27_163301,4570.325744,519,406,move,0,,11,5,P1_TARGET,1,{}
2026-02-27_163301,4570.342323,486,393,move,0,,11,5,P1_TARGET,1,{}
2026-02-27_163301,4570.359245,458,380,move,0,,11,5,P1_TARGET,1,{}
2026-02-27_163301,4570.376073,442,370,move,0,,11,5,P1_TARGET,1,{}
2026-02-27_163301,4570.393309,436,363,move,0,,11,5,P1_TARGET,1,{}
2026-02-27_163301,4570.408714,433,358,move,0,,11,5,P1_TARGET,1,{}
2026-02-27_163301,4570.424101,431,354,move,0,,11,5,P1_TARGET,1,{}
2026-02-27_163301,4570.439784,429,351,move,0,,11,5,P1_TARGET,1,{}
2026-02-27_163301,4570.455253,424,346,move,0,,11,5,P1_TARGET,1,{}
2026-02-27_163301,4570.470558,423,344,move,0,,11,5,P1_TARGET,1,{}
2026-02-27_163301,4570.486376,422,341,move,0,,11,5,P1_TARGET,1,{}
2026-02-27_163301,4570.502458,419,338,move,0,,11,5,P1_TARGET,1,{}
2026-02-27_163301,4570.510517,417,336,move,0,,11,5,P1_TARGET,1,{}
2026-02-27_163301,4570.518599,417,336,move,0,,11,5,P1_TARGET,1,{}
2026-02-27_163301,4570.533332,416,335,move,0,,11,5,P1_TARGET,1,{}
2026-02-27_163301,4570.542794,416,335,move,0,,11,5,P1_TARGET,1,{}
2026-02-27_163301,4570.559568,414,333,move,0,,11,5,P1_TARGET,1,{}
2026-02-27_163301,4570.57566,403,328,move,0,,11,5,P1_TARGET,1,{}
2026-02-27_163301,4570.592768,399,323,move,0,,11,5,P1_TARGET,1,{}
2026-02-27_163301,4570.608218,394,321,move,0,,11,5,P1_TARGET,1,{}
2026-02-27_163301,4570.624971,391,319,move,0,,11,5,P1_TARGET,1,{}
2026-02-27_163301,4570.6414,389,317,move,0,,11,5,P1_TARGET,1,{}
2026-02-27_163301,4570.657323,387,316,move,0,,11,5,P1_TARGET,1,{}
2026-02-27_163301,4570.67347,386,316,move,0,,11,5,P1_TARGET,1,{}
2026-02-27_163301,4570.688875,385,315,move,0,,11,5,P1_TARGET,1,{}
2026-02-27_163301,4570.704837,383,314,move,0,,11,5,P1_TARGET,1,{}
2026-02-27_163301,4570.720832,380,311,move,0,,11,5,P1_TARGET,1,{}
2026-02-27_163301,4570.736433,380,311,move,0,,11,5,P1_TARGET,1,{}
2026-02-27_163301,4570.752571,378,310,move,0,,11,5,P1_TARGET,1,{}
2026-02-27_163301,4570.756328,377,310,down,1,left,12,5,P1_TARGET,1,{}
2026-02-27_163301,4570.756346,377,310,misclick,1,,12,5,P1_TARGET,1,{}
2026-02-27_163301,4570.768078,377,310,move,1,,12,5,P1_TARGET,1,{}
2026-02-27_163301,4570.776149,376,310,move,1,,12,5,P1_TARGET,1,{}
2026-02-27_163301,4570.784549,376,310,move,1,,12,5,P1_TARGET,1,{}
2026-02-27_163301,4570.792606,375,310,move,1,,12,5,P1_TARGET,1,{}
2026-02-27_163301,4570.814443,375,310,move,1,,12,5,P1_TARGET,1,{}
2026-02-27_163301,4570.825415,375,310,move,1,,12,5,P1_TARGET,1,{}
2026-02-27_163301,4570.841828,374,310,move,1,,12,5,P1_TARGET,1,{}
2026-02-27_163301,4570.85207,373,310,target_end,1,,12,5,P1_TARGET,1,"{""outcome"": ""HIT""}"
2026-02-27_163301,4570.852162,373,310,up,1,left,12,5,P1_TARGET,1,"{""hold_ms"": 95.742}"
2026-02-27_163301,4570.852201,373,310,move,0,,12,,,,{}
2026-02-27_163301,4570.860238,372,310,move,0,,12,,,,{}
2026-02-27_163301,4570.875698,372,310,move,0,,12,,,,{}
2026-02-27_163301,4570.893369,372,309,move,0,,12,,,,{}
2026-02-27_163301,4570.908819,372,309,move,0,,12,,,,{}
2026-02-27_163301,4570.92395,372,309,move,0,,12,,,,{}
2026-02-27_163301,4570.939767,372,309,move,0,,12,,,,{}
2026-02-27_163301,4570.955829,372,309,move,0,,12,,,,{}
2026-02-27_163301,4570.971067,372,309,move,0,,12,,,,{}
2026-02-27_163301,4570.986482,372,309,move,0,,12,,,,{}
2026-02-27_163301,4571.002343,372,309,move,0,,12,,,,{}
2026-02-27_163301,4571.017468,372,309,move,0,,12,,,,{}
2026-02-27_163301,4571.033569,372,309,move,0,,12,,,,{}
2026-02-27_163301,4571.049496,372,309,move,0,,12,,,,{}
2026-02-27_163301,4571.065183,372,309,move,0,,12,,,,{}
2026-02-27_163301,4571.080682,372,309,move,0,,12,,,,{}
2026-02-27_163301,4571.096527,372,309,move,0,,12,,,,{}
2026-02-27_163301,4571.111784,372,309,move,0,,12,,,,{}
2026-02-27_163301,4571.127869,372,309,move,0,,12,,,,{}
2026-02-27_163301,4571.144037,372,308,move,0,,12,,,,{}
2026-02-27_163301,4571.159057,371,308,move,0,,12,,,,{}
2026-02-27_163301,4571.174989,371,308,move,0,,12,,,,{}
2026-02-27_163301,4571.190349,371,308,move,0,,12,,,,{}
2026-02-27_163301,4571.205838,371,308,move,0,,12,,,,{}
2026-02-27_163301,4571.221572,371,308,move,0,,12,,,,{}
2026-02-27_163301,4571.236512,371,308,move,0,,12,,,,{}
2026-02-27_163301,4571.251851,375,312,move,0,,12,,,,{}
2026-02-27_163301,4571.2599,390,319,move,0,,12,,,,{}
2026-02-27_163301,4571.267946,390,319,move,0,,12,,,,{}
2026-02-27_163301,4571.275988,417,337,move,0,,12,,,,{}
2026-02-27_163301,4571.284268,417,337,move,0,,12,,,,{}
2026-02-27_163301,4571.293659,417,337,move,0,,12,,,,{}
2026-02-27_163301,4571.309206,528,397,move,0,,12,,,,{}
2026-02-27_163301,4571.325737,594,432,move,0,,12,,,,{}
2026-02-27_163301,4571.346231,626,447,move,0,,12,,,,{}
2026-02-27_163301,4571.359941,653,456,move,0,,12,,,,{}
2026-02-27_163301,4571.374458,664,458,move,0,,12,,,,{}
2026-02-27_163301,4571.39267,665,458,move,0,,12,,,,{}
2026-02-27_163301,4571.40869,665,458,move,0,,12,,,,{}
2026-02-27_163301,4571.423679,665,458,move,0,,12,,,,{}
2026-02-27_163301,4571.438807,665,458,move,0,,12,,,,{}
2026-02-27_163301,4571.454643,665,456,move,0,,12,,,,{}
2026-02-27_163301,4571.469931,665,454,move,0,,12,,,,{}
2026-02-27_163301,4571.485942,666,453,move,0,,12,,,,{}
2026-02-27_163301,4571.501379,667,452,move,0,,12,,,,{}
2026-02-27_163301,4571.511966,667,452,move,0,,12,,,,{}
2026-02-27_163301,4571.526923,668,452,move,0,,12,,,,{}
2026-02-27_163301,4571.535026,670,450,move,0,,12,,,,{}
2026-02-27_163301,4571.544753,670,450,move,0,,12,,,,{}
2026-02-27_163301,4571.560028,672,447,move,0,,12,,,,{}
2026-02-27_163301,4571.575908,675,444,move,0,,12,,,,{}
2026-02-27_163301,4571.592641,683,438,move,0,,12,,,,{}
2026-02-27_163301,4571.609348,688,435,move,0,,12,,,,{}
2026-02-27_163301,4571.625093,697,433,move,0,,12,,,,{}
2026-02-27_163301,4571.640204,702,433,move,0,,12,,,,{}
2026-02-27_163301,4571.656034,704,433,move,0,,12,,,,{}
2026-02-27_163301,4571.662202,704,433,target_spawn,1,,13,6,P1_TARGET,1,"{""label"": ""P1_TARGET"", ""size"": 46}"
2026-02-27_163301,4571.662225,704,433,down,1,left,13,0,BASE,0,{}
2026-02-27_163301,4571.671845,704,433,move,1,,13,6,P1_TARGET,1,{}
2026-02-27_163301,4571.687174,704,433,move,1,,13,6,P1_TARGET,1,{}
2026-02-27_163301,4571.702497,704,433,move,1,,13,6,P1_TARGET,1,{}
2026-02-27_163301,4571.717692,704,433,move,1,,13,6,P1_TARGET,1,{}
2026-02-27_163301,4571.733532,704,433,move,1,,13,6,P1_TARGET,1,{}
2026-02-27_163301,4571.749525,704,433,move,1,,13,6,P1_TARGET,1,{}
2026-02-27_163301,4571.760896,704,433,up,1,left,13,,,,"{""hold_ms"": 98.803}"
2026-02-27_163301,4571.760939,704,433,move,0,,13,6,P1_TARGET,1,{}
2026-02-27_163301,4571.781068,704,433,move,0,,13,6,P1_TARGET,1,{}
2026-02-27_163301,4571.797132,704,433,move,0,,13,6,P1_TARGET,1,{}
2026-02-27_163301,4571.81251,704,433,move,0,,13,6,P1_TARGET,1,{}
2026-02-27_163301,4571.827673,704,433,move,0,,13,6,P1_TARGET,1,{}
2026-02-27_163301,4571.843681,704,433,move,0,,13,6,P1_TARGET,1,{}
2026-02-27_163301,4571.858845,704,433,move,0,,13,6,P1_TARGET,1,{}
2026-02-27_163301,4571.873983,704,433,move,0,,13,6,P1_TARGET,1,{}
2026-02-27_163301,4571.889467,704,433,move,0,,13,6,P1_TARGET,1,{}
2026-02-27_163301,4571.905044,704,433,move,0,,13,6,P1_TARGET,1,{}
2026-02-27_163301,4571.920429,704,432,move,0,,13,6,P1_TARGET,1,{}
2026-02-27_163301,4571.935599,700,426,move,0,,13,6,P1_TARGET,1,{}
2026-02-27_163301,4571.944024,700,426,move,0,,13,6,P1_TARGET,1,{}
2026-02-27_163301,4571.952087,686,418,move,0,,13,6,P1_TARGET,1,{}
2026-02-27_163301,4571.967217,671,416,move,0,,13,6,P1_TARGET,1,{}
2026-02-27_163301,4571.976804,671,416,move,0,,13,6,P1_TARGET,1,{}
2026-02-27_163301,4571.99164,655,416,move,0,,13,6,P1_TARGET,1,{}
2026-02-27_163301,4572.008817,642,421,move,0,,13,6,P1_TARGET,1,{}
2026-02-27_163301,4572.025744,615,437,move,0,,13,6,P1_TARGET,1,{}
2026-02-27_163301,4572.043166,600,446,move,0,,13,6,P1_TARGET,1,{}
2026-02-27_163301,4572.058904,570,466,move,0,,13,6,P1_TARGET,1,{}
2026-02-27_163301,4572.077173,540,485,move,0,,13,6,P1_TARGET,1,{}
2026-02-27_163301,4572.091848,532,490,move,0,,13,6,P1_TARGET,1,{}
2026-02-27_163301,4572.107579,524,495,move,0,,13,6,P1_TARGET,1,{}
2026-02-27_163301,4572.123535,522,498,move,0,,13,6,P1_TARGET,1,{}
2026-02-27_163301,4572.139296,521,499,move,0,,13,6,P1_TARGET,1,{}
2026-02-27_163301,4572.155181,520,500,move,0,,13,6,P1_TARGET,1,{}
2026-02-27_163301,4572.170425,520,500,move,0,,13,6,P1_TARGET,1,{}
2026-02-27_163301,4572.185638,519,501,move,0,,13,6,P1_TARGET,1,{}
2026-02-27_163301,4572.201715,518,502,move,0,,13,6,P1_TARGET,1,{}
2026-02-27_163301,4572.216905,517,503,move,0,,13,6,P1_TARGET,1,{}
2026-02-27_163301,4572.224967,515,507,move,0,,13,6,P1_TARGET,1,{}
2026-02-27_163301,4572.233028,515,507,move,0,,13,6,P1_TARGET,1,{}
2026-02-27_163301,4572.247526,515,507,move,0,,13,6,P1_TARGET,1,{}
2026-02-27_163301,4572.258178,515,507,move,0,,13,6,P1_TARGET,1,{}
2026-02-27_163301,4572.275673,515,508,move,0,,13,6,P1_TARGET,1,{}
2026-02-27_163301,4572.291579,514,508,move,0,,13,6,P1_TARGET,1,{}
2026-02-27_163301,4572.308712,513,509,move,0,,13,6,P1_TARGET,1,{}
2026-02-27_163301,4572.324596,512,511,move,0,,13,6,P1_TARGET,1,{}
2026-02-27_163301,4572.337294,511,512,move,0,,13,6,P1_TARGET,1,{}
2026-02-27_163301,4572.33858,510,514,down,1,left,14,6,P1_TARGET,1,{}
2026-02-27_163301,4572.356625,510,514,move,1,,14,6,P1_TARGET,1,{}
2026-02-27_163301,4572.372143,510,514,move,1,,14,6,P1_TARGET,1,{}
2026-02-27_163301,4572.38814,510,514,move,1,,14,6,P1_TARGET,1,{}
2026-02-27_163301,4572.403774,510,514,move,1,,14,6,P1_TARGET,1,{}
2026-02-27_163301,4572.420132,510,514,target_end,1,,14,6,P1_TARGET,1,"{""outcome"": ""HIT""}"
2026-02-27_163301,4572.420298,510,514,up,1,left,14,6,P1_TARGET,1,"{""hold_ms"": 81.394}"
2026-02-27_163301,4572.420339,510,514,move,0,,14,,,,{}
2026-02-27_163301,4572.434831,510,514,move,0,,14,,,,{}
2026-02-27_163301,4572.449799,510,514,move,0,,14,,,,{}
2026-02-27_163301,4572.458745,510,514,move,0,,14,,,,{}
2026-02-27_163301,4572.474517,512,514,move,0,,14,,,,{}
2026-02-27_163301,4572.491842,518,514,move,0,,14,,,,{}
2026-02-27_163301,4572.50816,535,514,move,0,,14,,,,{}
2026-02-27_163301,4572.524526,568,508,move,0,,14,,,,{}
2026-02-27_163301,4572.542162,590,504,move,0,,14,,,,{}
2026-02-27_163301,4572.557898,601,499,move,0,,14,,,,{}
2026-02-27_163301,4572.574008,614,495,move,0,,14,,,,{}
2026-02-27_163301,4572.589618,622,491,move,0,,14,,,,{}
2026-02-27_163301,4572.604923,635,479,move,0,,14,,,,{}
2026-02-27_163301,4572.620103,642,472,move,0,,14,,,,{}
2026-02-27_163301,4572.636166,647,468,move,0,,14,,,,{}
2026-02-27_163301,4572.652202,655,458,move,0,,14,,,,{}
2026-02-27_163301,4572.667987,657,456,move,0,,14,,,,{}
2026-02-27_163301,4572.683733,661,453,move,0,,14,,,,{}
2026-02-27_163301,4572.691901,662,451,move,0,,14,,,,{}
2026-02-27_163301,4572.708948,662,451,move,0,,14,,,,{}
2026-02-27_163301,4572.724493,664,449,move,0,,14,,,,{}
2026-02-27_163301,4572.740677,665,448,move,0,,14,,,,{}
2026-02-27_163301,4572.757467,668,447,move,0,,14,,,,{}
2026-02-27_163301,4572.774109,670,446,move,0,,14,,,,{}
2026-02-27_163301,4572.791508,675,445,move,0,,14,,,,{}
2026-02-27_163301,4572.807495,677,444,move,0,,14,,,,{}
2026-02-27_163301,4572.824401,680,442,move,0,,14,,,,{}
2026-02-27_163301,4572.839259,686,439,move,0,,14,,,,{}
2026-02-27_163301,4572.854555,690,437,move,0,,14,,,,{}
2026-02-27_163301,4572.870441,696,434,move,0,,14,,,,{}
2026-02-27_163301,4572.886045,699,433,move,0,,14,,,,{}
2026-02-27_163301,4572.901693,701,433,move,0,,14,,,,{}
2026-02-27_163301,4572.903207,701,433,target_spawn,1,,15,7,P1_TARGET,1,"{""label"": ""P1_TARGET"", ""size"": 46}"
2026-02-27_163301,4572.903229,701,433,down,1,left,15,0,BASE,0,{}
2026-02-27_163301,4572.917024,701,433,move,1,,15,7,P1_TARGET,1,{}
2026-02-27_163301,4572.932216,701,433,move,1,,15,7,P1_TARGET,1,{}
2026-02-27_163301,4572.947664,701,433,move,1,,15,7,P1_TARGET,1,{}
2026-02-27_163301,4572.962806,701,433,move,1,,15,7,P1_TARGET,1,{}
2026-02-27_163301,4572.978532,701,433,up,1,left,15,,,,"{""hold_ms"": 75.386}"
2026-02-27_163301,4572.978586,701,433,move,0,,15,7,P1_TARGET,1,{}
2026-02-27_163301,4572.991485,701,433,move,0,,15,7,P1_TARGET,1,{}
2026-02-27_163301,4573.008044,702,433,move,0,,15,7,P1_TARGET,1,{}
2026-02-27_163301,4573.025642,705,433,move,0,,15,7,P1_TARGET,1,{}
2026-02-27_163301,4573.040241,709,433,move,0,,15,7,P1_TARGET,1,{}
2026-02-27_163301,4573.055864,717,432,move,0,,15,7,P1_TARGET,1,{}
2026-02-27_163301,4573.071145,726,429,move,0,,15,7,P1_TARGET,1,{}
2026-02-27_163301,4573.08669,745,422,move,0,,15,7,P1_TARGET,1,{}
2026-02-27_163301,4573.101791,760,416,move,0,,15,7,P1_TARGET,1,{}
2026-02-27_163301,4573.109859,778,405,move,0,,15,7,P1_TARGET,1,{}
2026-02-27_163301,4573.118071,778,405,move,0,,15,7,P1_TARGET,1,{}
2026-02-27_163301,4573.126131,815,373,move,0,,15,7,P1_TARGET,1,{}
2026-02-27_163301,4573.134189,815,373,move,0,,15,7,P1_TARGET,1,{}
2026-02-27_163301,4573.149167,832,349,move,0,,15,7,P1_TARGET,1,{}
2026-02-27_163301,4573.157681,832,349,move,0,,15,7,P1_TARGET,1,{}
2026-02-27_163301,4573.175139,856,316,move,0,,15,7,P1_TARGET,1,{}
2026-02-27_163301,4573.190464,903,260,move,0,,15,7,P1_TARGET,1,{}
2026-02-27_163301,4573.208109,1012,184,move,0,,15,7,P1_TARGET,1,{}
2026-02-27_163301,4573.225493,1067,164,move,0,,15,7,P1_TARGET,1,{}
2026-02-27_163301,4573.240576,1086,159,move,0,,15,7,P1_TARGET,1,{}
2026-02-27_163301,4573.25793,1092,159,move,0,,15,7,P1_TARGET,1,{}
2026-02-27_163301,4573.273253,1092,163,move,0,,15,7,P1_TARGET,1,{}
2026-02-27_163301,4573.28919,1092,175,move,0,,15,7,P1_TARGET,1,{}
2026-02-27_163301,4573.304986,1092,196,move,0,,15,7,P1_TARGET,1,{}
2026-02-27_163301,4573.320733,1092,221,move,0,,15,7,P1_TARGET,1,{}
2026-02-27_163301,4573.336335,1092,230,move,0,,15,7,P1_TARGET,1,{}
2026-02-27_163301,4573.351644,1092,239,move,0,,15,7,P1_TARGET,1,{}
2026-02-27_163301,4573.366964,1092,240,move,0,,15,7,P1_TARGET,1,{}
2026-02-27_163301,4573.382224,1092,240,move,0,,15,7,P1_TARGET,1,{}
2026-02-27_163301,4573.391153,1092,240,move,0,,15,7,P1_TARGET,1,{}
2026-02-27_163301,4573.400444,1092,241,move,0,,15,7,P1_TARGET,1,{}
2026-02-27_163301,4573.408826,1092,241,move,0,,15,7,P1_TARGET,1,{}
2026-02-27_163301,4573.426059,1092,248,move,0,,15,7,P1_TARGET,1,{}
2026-02-27_163301,4573.441311,1092,252,move,0,,15,7,P1_TARGET,1,{}
2026-02-27_163301,4573.457772,1092,256,move,0,,15,7,P1_TARGET,1,{}
2026-02-27_163301,4573.476587,1092,260,move,0,,15,7,P1_TARGET,1,{}
2026-02-27_163301,4573.49173,1091,267,move,0,,15,7,P1_TARGET,1,{}
2026-02-27_163301,4573.507316,1091,271,move,0,,15,7,P1_TARGET,1,{}
2026-02-27_163301,4573.522586,1091,275,move,0,,15,7,P1_TARGET,1,{}
2026-02-27_163301,4573.538683,1091,281,move,0,,15,7,P1_TARGET,1,{}
2026-02-27_163301,4573.554116,1091,283,move,0,,15,7,P1_TARGET,1,{}
2026-02-27_163301,4573.569735,1091,286,move,0,,15,7,P1_TARGET,1,{}
2026-02-27_163301,4573.584897,1091,288,move,0,,15,7,P1_TARGET,1,{}
2026-02-27_163301,4573.600522,1092,290,move,0,,15,7,P1_TARGET,1,{}
2026-02-27_163301,4573.608587,1092,292,move,0,,15,7,P1_TARGET,1,{}
2026-02-27_163301,4573.616642,1092,292,move,0,,15,7,P1_TARGET,1,{}
2026-02-27_163301,4573.6247,1093,293,move,0,,15,7,P1_TARGET,1,{}
2026-02-27_163301,4573.632774,1093,293,move,0,,15,7,P1_TARGET,1,{}
2026-02-27_163301,4573.636572,1093,293,down,1,left,16,7,P1_TARGET,1,{}
2026-02-27_163301,4573.648434,1093,293,move,1,,16,7,P1_TARGET,1,{}
2026-02-27_163301,4573.664438,1093,293,move,1,,16,7,P1_TARGET,1,{}
2026-02-27_163301,4573.679849,1093,293,move,1,,16,7,P1_TARGET,1,{}
2026-02-27_163301,4573.695753,1093,293,move,1,,16,7,P1_TARGET,1,{}
2026-02-27_163301,4573.702659,1093,293,target_end,1,,16,7,P1_TARGET,1,"{""outcome"": ""HIT""}"
2026-02-27_163301,4573.702817,1093,293,up,1,left,16,7,P1_TARGET,1,"{""hold_ms"": 65.937}"
2026-02-27_163301,4573.703804,1093,293,move,0,,16,,,,{}
2026-02-27_163301,4573.711871,1093,293,move,0,,16,,,,{}
2026-02-27_163301,4573.724312,1093,293,move,0,,16,,,,{}
2026-02-27_163301,4573.741291,1093,292,move,0,,16,,,,{}
2026-02-27_163301,4573.757481,1097,286,move,0,,16,,,,{}
2026-02-27_163301,4573.773111,1103,281,move,0,,16,,,,{}
2026-02-27_163301,4573.788466,1121,263,move,0,,16,,,,{}
2026-02-27_163301,4573.803783,1145,233,move,0,,16,,,,{}
2026-02-27_163301,4573.819806,1196,162,move,0,,16,,,,{}
2026-02-27_163301,4573.83504,1226,123,move,0,,16,,,,{}
2026-02-27_163301,4573.850726,1248,87,move,0,,16,,,,{}
2026-02-27_163301,4573.865934,1265,58,move,0,,16,,,,{}
2026-02-27_163301,4573.874026,1274,35,move,0,,16,,,,{}
2026-02-27_163301,4573.88208,1274,35,move,0,,16,,,,{}
2026-02-27_163301,4573.890461,1274,35,move,0,,16,,,,{}
2026-02-27_163301,4573.898642,1282,20,move,0,,16,,,,{}
2026-02-27_163301,4573.907888,1282,20,move,0,,16,,,,{}
2026-02-27_163301,4573.92399,1289,6,move,0,,16,,,,{}
2026-02-27_163301,4573.94138,1289,6,move,0,,16,,,,{}
2026-02-27_163301,4573.956987,1296,0,move,0,,16,,,,{}
2026-02-27_163301,4573.974087,1296,0,move,0,,16,,,,{}
2026-02-27_163301,4573.989083,1296,0,move,0,,16,,,,{}
2026-02-27_163301,4574.005208,1296,0,move,0,,16,,,,{}
2026-02-27_163301,4574.020902,1296,0,move,0,,16,,,,{}
2026-02-27_163301,4574.036343,1296,0,move,0,,16,,,,{}
2026-02-27_163301,4574.051556,1296,0,move,0,,16,,,,{}
2026-02-27_163301,4574.067357,1296,0,move,0,,16,,,,{}
2026-02-27_163301,4574.083215,1296,0,move,0,,16,,,,{}
2026-02-27_163301,4574.091272,1296,0,move,0,,16,,,,{}
2026-02-27_163301,4574.099336,1296,0,move,0,,16,,,,{}
2026-02-27_163301,4574.108008,1296,0,move,0,,16,,,,{}
2026-02-27_163301,4574.123747,1296,0,move,0,,16,,,,{}
2026-02-27_163301,4574.141254,1295,0,move,0,,16,,,,{}
2026-02-27_163301,4574.157803,1295,0,move,0,,16,,,,{}
2026-02-27_163301,4574.174117,1295,0,move,0,,16,,,,{}
2026-02-27_163301,4574.190318,1294,0,move,0,,16,,,,{}
2026-02-27_163301,4574.205457,1294,0,move,0,,16,,,,{}
2026-02-27_163301,4574.220821,1294,0,move,0,,16,,,,{}
2026-02-27_163301,4574.236492,1294,0,move,0,,16,,,,{}
2026-02-27_163301,4574.252343,1293,0,move,0,,16,,,,{}
2026-02-27_163301,4574.268324,1293,0,move,0,,16,,,,{}
2026-02-27_163301,4574.278278,1293,0,down,1,left,17,,,,{}
2026-02-27_163301,4574.278299,1293,0,misclick,1,,17,,,,{}
2026-02-27_163301,4574.278334,1293,0,move,1,,17,,,,{}
2026-02-27_163301,4574.299132,1293,0,move,1,,17,,,,{}
2026-02-27_163301,4574.314996,1293,0,move,1,,17,,,,{}
2026-02-27_163301,4574.330996,1293,0,move,1,,17,,,,{}
2026-02-27_163301,4574.346611,1293,0,move,1,,17,,,,{}
2026-02-27_163301,4574.36234,1293,0,move,1,,17,,,,{}
2026-02-27_163301,4574.369696,1293,0,session_end,1,,17,,,,"{""phase"": 1, ""phase_progress"": 7}"
